EX_pi_e,-0.01
EX_o2_e,-0.907567396158665
EX_nh4_e,-0.043360041939634
