{"13ppd": {"vCarbonSources": -13.21, "carbonSlack": 0.0, "vprod": 13.118302414097178, "yield": 0.4194243829158536}, "2phetoh": {"vCarbonSources": -13.21, "carbonSlack": 0.0, "vprod": 6.043377625746459, "yield": 0.3102110103118753}, "3hppa": {"vCarbonSources": -13.21, "carbonSlack": 0.0, "vprod": 9.432019814940807, "yield": 0.35701094753537926}, "3hppb": {"vCarbonSources": -13.21, "carbonSlack": 0.0, "vprod": 14.610877815114131, "yield": 0.5530356631391665}, "4hbz": {"vCarbonSources": -13.21, "carbonSlack": 0.0, "vprod": 5.383403028843423, "yield": 0.3101519222009954}, "arte": {"vCarbonSources": -13.21, "carbonSlack": 0.0, "vprod": 1.412508608711675, "yield": 0.13908088567307897}, "btd": {"vCarbonSources": -13.21, "carbonSlack": 0.0, "vprod": 12.581500135520502, "yield": 0.4764332482262986}, "btoh": {"vCarbonSources": -13.21, "carbonSlack": 0.0, "vprod": 9.577711144560674, "yield": 0.2982947414263165}, "citm": {"vCarbonSources": -13.21, "carbonSlack": 0.0, "vprod": 8.326290885559455, "yield": 0.5111522147960607}, "cou": {"vCarbonSources": -13.21, "carbonSlack": 0.0, "vprod": 5.315708870631331, "yield": 0.3644153964047467}, "hdca": {"vCarbonSources": -13.21, "carbonSlack": 0.0, "vprod": 1.322280786773293, "yield": 0.14245908812273214}, "hxdcol": {"vCarbonSources": -13.21, "carbonSlack": 0.0, "vprod": 1.344941371456769, "yield": 0.13701120316634788}, "ibutoh": {"vprod": "", "vCarbonSources": "", "yield": ""}, "lac__L": {"vCarbonSources": -13.21, "carbonSlack": 0.0, "vprod": 24.175402336868533, "yield": 0.9048021305855222}, "muco": {"vCarbonSources": -13.21, "carbonSlack": 0.0, "vprod": 6.505000887552828, "yield": 0.3829155006267155}, "nrgn": {"vCarbonSources": -13.21, "carbonSlack": 0.0, "vprod": 1.92945065551117, "yield": 0.22072423302736247}, "odealc": {"vCarbonSources": -0.332925, "carbonSlack": 0.0, "vprod": 0.097946031993648, "yield": 0.2307715648476416}, "pmtalc": {"vCarbonSources": -0.332925, "carbonSlack": 0.0, "vprod": 0.111424668221111, "yield": 0.23704826632994624}, "polyhb": {"vCarbonSources": -13.21, "carbonSlack": 0.0, "vprod": 8.258552528461658, "yield": 0.3577758749568176}, "retcln": {"vCarbonSources": -13.21, "carbonSlack": 0.0, "vprod": 1.166534079188301, "yield": 0.1614616838695329}, "rsvtol": {"vCarbonSources": -13.21, "carbonSlack": 0.0, "vprod": 1.929450655511212, "yield": 0.18504352229996812}, "sesqt": {"vCarbonSources": -13.21, "carbonSlack": 0.0, "vprod": 1.397262464635801, "yield": 0.14460751268481684}, "skm": {"vCarbonSources": -13.21, "carbonSlack": 0.0, "vprod": 6.508474433991062, "yield": 0.4762677051238676}, "stalc": {"vCarbonSources": -0.332925, "carbonSlack": 0.0, "vprod": 0.099374631908636, "yield": 0.23588154349659693}, "styr": {"vCarbonSources": -13.21, "carbonSlack": 0.0, "vprod": 5.400062163986017, "yield": 0.23632326892063368}, "tag": {"vCarbonSources": -2.201133727157571, "carbonSlack": 0.0, "vprod": 0.125284854783982, "yield": 0.2604287965364203}, "tal": {"vprod": "", "vCarbonSources": "", "yield": ""}}