{"arte": {"vprod": 2.8446976587811994, "vCarbonSources": -13.21, "yield": 0.28009958128062856}, "13ppd": {"vprod": 17.813822161056343, "vCarbonSources": -13.21, "yield": 0.5695516943750848}, "ibutoh": {"vprod": 4.686403745999173, "vCarbonSources": -5.549184128062568, "yield": 0.3474539442214044}, "btd": {"vprod": 5.008732116108107, "vCarbonSources": -5.547686668594033, "yield": 0.4516357717891071}, "hdca": {"vprod": 1.0169945364213926, "vCarbonSources": -5.550180402242267, "yield": 0.26078392072070095}, "tal": {"vprod": 0.007105612999394498, "vCarbonSources": -0.078476895921783, "yield": 0.06718414909479177}, "lac__L": {"vprod": 8.86021191653682, "vCarbonSources": -5.516810150276244, "yield": 0.7940334389869373}, "4hbz": {"vprod": 3.3547285289072923, "vCarbonSources": -5.5494414230054865, "yield": 0.4600748684385398}, "nrgn": {"vprod": 3.9690930361825236, "vCarbonSources": -13.21, "yield": 0.45405411831770026}, "odealc": {"vprod": 0.0999636304920423, "vCarbonSources": -0.332925, "yield": 0.23552524759753496}, "rsvtol": {"vprod": 1.4659557589890104, "vCarbonSources": -5.5507432825376215, "yield": 0.3345898405304326}, "btoh": {"vprod": 4.161856556537492, "vCarbonSources": -5.549820853802994, "yield": 0.3085281699700435}, "pmtalc": {"vprod": 0.11416738302739309, "vCarbonSources": -0.332925, "yield": 0.24288320216817982}, "retcln": {"vprod": 2.511143874209235, "vCarbonSources": -13.21, "yield": 0.3475710873792977}, "2phetoh": {"vprod": 2.5553019361984592, "vCarbonSources": -5.549610203629657, "yield": 0.31221950973542334}, "sesqt": {"vprod": 1.1161070880932331, "vCarbonSources": -5.550726324289684, "yield": 0.2748980962445054}, "tag": {"vprod": 0.13084233373951282, "vCarbonSources": -2.20113372715757, "yield": 0.2719810911745942}, "citm": {"vprod": 12.489371088802105, "vCarbonSources": -13.21, "yield": 0.7667243171293716}, "muco": {"vprod": 3.8364607704512275, "vCarbonSources": -5.5492542449103475, "yield": 0.5375941614562719}, "styr": {"vprod": 2.4915497802515416, "vCarbonSources": -5.55073108000964, "yield": 0.25949555615929476}, "cou": {"vprod": 2.6118239322819092, "vCarbonSources": -5.548570274707247, "yield": 0.4262860821805087}, "3hppa": {"vprod": 7.379942361103544, "vCarbonSources": -5.545419566892341, "yield": 0.6654236103138855}, "hxdcol": {"vprod": 0.9874314723701774, "vCarbonSources": -5.550717505065815, "yield": 0.23939406808761174}, "3hpp": {"vprod": 0.0, "vCarbonSources": -2.6180017576607244, "yield": 0.0}, "polyhb": {"vprod": 4.826633115573284, "vCarbonSources": -5.547262026771095, "yield": 0.4979383117364487}, "3hppb": {"vprod": 8.294245459149213, "vCarbonSources": -5.544759808667549, "yield": 0.7479521117530147}, "skm": {"vprod": 9.725652187360838, "vCarbonSources": -13.21, "yield": 0.7116896739912171}, "stalc": {"vprod": 0.10139557881423357, "vCarbonSources": -0.332925, "yield": 0.24067858340770124}}