{"stalc": {"vprod": 0.10139869897486573, "vCarbonSources": -0.332925, "yield": 0.2406859896067657, "misc": {"yield on minimal media at 1.0% exp. growth": "UNDF"}}, "3hppb": {"vprod": 22.34089329233793, "vCarbonSources": -13.21, "yield": 0.845624122889358, "misc": {"yield on minimal media at 1.0% exp. growth": "UNDF"}}, "lac__L": {"vprod": 24.246592031448667, "vCarbonSources": -13.21, "yield": 0.9074665159154658, "misc": {"yield on minimal media at 1.0% exp. growth": "UNDF"}}, "ibutoh": {"vprod": 12.523854169266745, "vCarbonSources": -13.21, "yield": 0.3900514209184453}, "sesqt": {"vprod": 2.9574671044880825, "vCarbonSources": -13.21, "yield": 0.306078473194127, "misc": {"yield on minimal media at 1.0% exp. growth": "UNDF"}}, "tal": {"vprod": 0.007105612876140991, "vCarbonSources": -0.078476895921783, "yield": 0.06718414792941983}, "2phetoh": {"vprod": 6.941370064669262, "vCarbonSources": -13.21, "yield": 0.3563056214683741, "misc": {"yield on minimal media at 1.0% exp. growth": "UNDF"}}, "polyhb": {"vprod": 12.489371088802256, "vCarbonSources": -13.21, "yield": 0.5410628137990361, "misc": {"yield on minimal media at 1.0% exp. growth": "UNDF"}}, "tag": {"vprod": 0.13084232633149984, "vCarbonSources": -2.20113372715757, "yield": 0.27198107577560676, "misc": {"yield on minimal media at 1.0% exp. growth": "UNDF"}}, "rsvtol": {"vprod": 3.969093041339538, "vCarbonSources": -13.21, "yield": 0.3806549572065452, "misc": {"yield on minimal media at 1.0% exp. growth": "UNDF"}}, "nrgn": {"vprod": 3.969093041339537, "vCarbonSources": -13.21, "yield": 0.45405411890764946, "misc": {"yield on minimal media at 1.0% exp. growth": "UNDF"}}, "3hppa": {"vprod": 20.066144497290907, "vCarbonSources": -13.21, "yield": 0.7595227110328777, "misc": {"yield on minimal media at 1.0% exp. growth": "UNDF"}}, "13ppd": {"vprod": 17.8138221557582, "vCarbonSources": -13.21, "yield": 0.5695516942056902, "misc": {"yield on minimal media at 1.0% exp. growth": "UNDF"}}, "styr": {"vprod": 6.766253892867912, "vCarbonSources": -13.21, "yield": 0.2961120057049863, "misc": {"yield on minimal media at 1.0% exp. growth": "UNDF"}}, "skm": {"vprod": 9.725652207600666, "vCarbonSources": -13.21, "yield": 0.7116896754722978, "misc": {"yield on minimal media at 1.0% exp. growth": "UNDF"}}, "3hpp": {"vprod": 0.0, "vCarbonSources": -13.21, "yield": 0.0}, "retcln": {"vprod": 2.5111438782159476, "vCarbonSources": -13.21, "yield": 0.3475710879338727, "misc": {"yield on minimal media at 1.0% exp. growth": "UNDF"}}, "btoh": {"vprod": 11.197872974678326, "vCarbonSources": -13.21, "yield": 0.3487541619380949, "misc": {"yield on minimal media at 1.0% exp. growth": "UNDF"}}, "pmtalc": {"vprod": 0.11416737289590252, "vCarbonSources": -0.332925, "yield": 0.2428831806141352, "misc": {"yield on minimal media at 1.0% exp. growth": "UNDF"}}, "arte": {"vprod": 2.8446976583554515, "vCarbonSources": -13.21, "yield": 0.2800995812387078, "misc": {"yield on minimal media at 1.0% exp. growth": "UNDF"}}, "cou": {"vprod": 7.096204240678009, "vCarbonSources": -13.21, "yield": 0.4864762432011431, "misc": {"yield on minimal media at 1.0% exp. growth": "UNDF"}}, "hdca": {"vprod": 2.761960143974892, "vCarbonSources": -13.21, "yield": 0.29756639246203725, "misc": {"yield on minimal media at 1.0% exp. growth": "UNDF"}}, "btd": {"vprod": 12.894437851942127, "vCarbonSources": -13.21, "yield": 0.48828349908043556, "misc": {"yield on minimal media at 1.0% exp. growth": "UNDF"}}, "4hbz": {"vprod": 9.055951952863756, "vCarbonSources": -13.21, "yield": 0.5217370667757679, "misc": {"yield on minimal media at 1.0% exp. growth": "UNDF"}}, "odealc": {"vprod": 0.09996363129261256, "vCarbonSources": -0.332925, "yield": 0.23552524948376607, "misc": {"yield on minimal media at 1.0% exp. growth": "UNDF"}}, "muco": {"vprod": 10.422415355793582, "vCarbonSources": -13.21, "yield": 0.6135132742779132, "misc": {"yield on minimal media at 1.0% exp. growth": "UNDF"}}, "citm": {"vprod": 12.489371088802228, "vCarbonSources": -13.21, "yield": 0.7667243171293792, "misc": {"yield on minimal media at 1.0% exp. growth": "UNDF"}}, "hxdcol": {"vprod": 2.6771774240890207, "vCarbonSources": -13.21, "yield": 0.27272809636818507, "misc": {"yield on minimal media at 1.0% exp. growth": "UNDF"}}}