{"tal": {"vprod": 0.00710589806189561, "vCarbonSources": -0.078476895921783, "yield": 0.06718684438393539}, "muco": {"vprod": 10.422415663667598, "vCarbonSources": -13.21, "yield": 0.613513292400852, "misc": {"yield on minimal media at 1.0% exp. growth": "UNDF"}}, "3hppb": {"vprod": 22.340893265221847, "vCarbonSources": -13.21, "yield": 0.8456241218629883, "misc": {"yield on minimal media at 1.0% exp. growth": "UNDF"}}, "lac__L": {"vprod": 24.246591993223063, "vCarbonSources": -13.21, "yield": 0.907466514484813, "misc": {"yield on minimal media at 1.0% exp. growth": "UNDF"}}, "btd": {"vprod": 12.894437991139371, "vCarbonSources": -13.21, "yield": 0.48828350435152357, "misc": {"yield on minimal media at 1.0% exp. growth": "UNDF"}}, "arte": {"vprod": 2.844697753843605, "vCarbonSources": -13.21, "yield": 0.2800995906408289, "misc": {"yield on minimal media at 1.0% exp. growth": "UNDF"}}, "polyhb": {"vprod": 12.489371538801805, "vCarbonSources": -13.21, "yield": 0.5410628332938546, "misc": {"yield on minimal media at 1.0% exp. growth": "UNDF"}}, "retcln": {"vprod": 2.511143941130416, "vCarbonSources": -13.21, "yield": 0.347571096641956, "misc": {"yield on minimal media at 1.0% exp. growth": "UNDF"}}, "2phetoh": {"vprod": 6.941370272413776, "vCarbonSources": -13.21, "yield": 0.35630563213205246, "misc": {"yield on minimal media at 1.0% exp. growth": "UNDF"}}, "13ppd": {"vprod": 17.81382268889866, "vCarbonSources": -13.21, "yield": 0.5695517112515016, "misc": {"yield on minimal media at 1.0% exp. growth": "UNDF"}}, "nrgn": {"vprod": 3.969093169157485, "vCarbonSources": -13.21, "yield": 0.4540541335296966, "misc": {"yield on minimal media at 1.0% exp. growth": "UNDF"}}, "sesqt": {"vprod": 2.9574671021417065, "vCarbonSources": -13.21, "yield": 0.3060784729512925, "misc": {"yield on minimal media at 1.0% exp. growth": "UNDF"}}, "3hppa": {"vprod": 20.06614509783982, "vCarbonSources": -13.21, "yield": 0.759522733764227, "misc": {"yield on minimal media at 1.0% exp. growth": "UNDF"}}, "3hpp": {"vprod": -4.521398030961162e-16, "vCarbonSources": -13.21, "yield": 1.7113922859460965e-17}, "hdca": {"vprod": 2.7619602333781104, "vCarbonSources": -13.21, "yield": 0.2975664020941072, "misc": {"yield on minimal media at 1.0% exp. growth": "UNDF"}}, "stalc": {"vprod": 0.10139557980817175, "vCarbonSources": -0.332925, "yield": 0.24067858576697213, "misc": {"yield on minimal media at 1.0% exp. growth": "UNDF"}}, "pmtalc": {"vprod": 0.11416737327095416, "vCarbonSources": -0.332925, "yield": 0.24288318141203158, "misc": {"yield on minimal media at 1.0% exp. growth": "UNDF"}}, "odealc": {"vprod": 0.09996363147194666, "vCarbonSources": -0.332925, "yield": 0.23552524990629686, "misc": {"yield on minimal media at 1.0% exp. growth": "UNDF"}}, "hxdcol": {"vprod": 2.6771774252696563, "vCarbonSources": -13.21, "yield": 0.2727280964884582, "misc": {"yield on minimal media at 1.0% exp. growth": "UNDF"}}, "cou": {"vprod": 7.096204247996516, "vCarbonSources": -13.21, "yield": 0.4864762437028592, "misc": {"yield on minimal media at 1.0% exp. growth": "UNDF"}}, "4hbz": {"vprod": 9.055951957671432, "vCarbonSources": -13.21, "yield": 0.5217370670527507, "misc": {"yield on minimal media at 1.0% exp. growth": "UNDF"}}, "styr": {"vprod": 6.766253899865699, "vCarbonSources": -13.21, "yield": 0.29611200601123094, "misc": {"yield on minimal media at 1.0% exp. growth": "UNDF"}}, "rsvtol": {"vprod": 3.9690930439387073, "vCarbonSources": -13.21, "yield": 0.38065495745581795, "misc": {"yield on minimal media at 1.0% exp. growth": "UNDF"}}, "btoh": {"vprod": 11.197872983720481, "vCarbonSources": -13.21, "yield": 0.34875416221970995, "misc": {"yield on minimal media at 1.0% exp. growth": "UNDF"}}, "ibutoh": {"vprod": 12.523853802600136, "vCarbonSources": -13.21, "yield": 0.3900514094987314}, "tag": {"vprod": 0.13084232660488282, "vCarbonSources": -2.20113372715757, "yield": 0.2719810763438862, "misc": {"yield on minimal media at 1.0% exp. growth": "UNDF"}}, "skm": {"vprod": 9.725652213171694, "vCarbonSources": -13.21, "yield": 0.7116896758799663, "misc": {"yield on minimal media at 1.0% exp. growth": "UNDF"}}, "citm": {"vprod": 12.489371088802152, "vCarbonSources": -13.21, "yield": 0.7667243171293745, "misc": {"yield on minimal media at 1.0% exp. growth": "UNDF"}}}