{"4hbz": {"vprod": 3.3547285488643177, "vCarbonSources": -5.549441422997732, "yield": 0.4600748711761332, "misc": {"yield on minimal media at 1.0% exp. growth": "UNDF"}}, "arte": {"vprod": 2.844697655376507, "vCarbonSources": -13.21, "yield": 0.2800995809453898, "misc": {"yield on minimal media at 1.0% exp. growth": "UNDF"}}, "13ppd": {"vprod": 17.813822118686357, "vCarbonSources": -13.21, "yield": 0.5695516930204122, "misc": {"yield on minimal media at 1.0% exp. growth": "UNDF"}}, "hxdcol": {"vprod": 0.9874314721362274, "vCarbonSources": -5.55071750506583, "yield": 0.23939406803089197, "misc": {"yield on minimal media at 1.0% exp. growth": "UNDF"}}, "polyhb": {"vprod": 4.826633115573237, "vCarbonSources": -5.547262026771105, "yield": 0.49793831173644304, "misc": {"yield on minimal media at 1.0% exp. growth": "UNDF"}}, "cou": {"vprod": 2.6118239322819092, "vCarbonSources": -5.548570274707247, "yield": 0.4262860821805087, "misc": {"yield on minimal media at 1.0% exp. growth": "UNDF"}}, "ibutoh": {"vprod": 4.68640372837228, "vCarbonSources": -5.549184128068436, "yield": 0.3474539429141642}, "odealc": {"vprod": 0.09996364001457181, "vCarbonSources": -0.332925, "yield": 0.23552527003365606, "misc": {"yield on minimal media at 1.0% exp. growth": "UNDF"}}, "btoh": {"vprod": 4.161856555785772, "vCarbonSources": -5.549820853803196, "yield": 0.30852816991430554, "misc": {"yield on minimal media at 1.0% exp. growth": "UNDF"}}, "tag": {"vprod": 0.13084233373951282, "vCarbonSources": -2.20113372715757, "yield": 0.2719810911745942, "misc": {"yield on minimal media at 1.0% exp. growth": "UNDF"}}, "3hppa": {"vprod": 7.379942361103503, "vCarbonSources": -5.545419566892347, "yield": 0.6654236103138812, "misc": {"yield on minimal media at 1.0% exp. growth": "UNDF"}}, "2phetoh": {"vprod": 2.5553019381097966, "vCarbonSources": -5.549610203628807, "yield": 0.3122195099690078, "misc": {"yield on minimal media at 1.0% exp. growth": "UNDF"}}, "pmtalc": {"vprod": 0.11416738302739309, "vCarbonSources": -0.332925, "yield": 0.24288320216817982, "misc": {"yield on minimal media at 1.0% exp. growth": "UNDF"}}, "3hppb": {"vprod": 8.294245457651105, "vCarbonSources": -5.544759808668629, "yield": 0.7479521116177738, "misc": {"yield on minimal media at 1.0% exp. growth": "UNDF"}}, "nrgn": {"vprod": 3.9690930361825236, "vCarbonSources": -13.21, "yield": 0.45405411831770026, "misc": {"yield on minimal media at 1.0% exp. growth": "UNDF"}}, "stalc": {"vprod": 0.1013955788142342, "vCarbonSources": -0.332925, "yield": 0.24067858340770273, "misc": {"yield on minimal media at 1.0% exp. growth": "UNDF"}}, "muco": {"vprod": 3.8364607695426205, "vCarbonSources": -5.5492542449107045, "yield": 0.5375941613289164, "misc": {"yield on minimal media at 1.0% exp. growth": "UNDF"}}, "styr": {"vprod": 2.4915497802515416, "vCarbonSources": -5.55073108000964, "yield": 0.25949555615929476, "misc": {"yield on minimal media at 1.0% exp. growth": "UNDF"}}, "btd": {"vprod": 5.008732116108107, "vCarbonSources": -5.547686668594033, "yield": 0.4516357717891071, "misc": {"yield on minimal media at 1.0% exp. growth": "UNDF"}}, "citm": {"vprod": 12.489371088802157, "vCarbonSources": -13.21, "yield": 0.7667243171293748, "misc": {"yield on minimal media at 1.0% exp. growth": "UNDF"}}, "lac__L": {"vprod": 8.860211568542926, "vCarbonSources": -5.516810175723841, "yield": 0.7940334041377936, "misc": {"yield on minimal media at 1.0% exp. growth": "UNDF"}}, "3hpp": {"vprod": 0.0, "vCarbonSources": -2.6180017576607244, "yield": 0.0}, "tal": {"vprod": 0.007105612030793992, "vCarbonSources": -0.078476895921783, "yield": 0.06718413993659518}, "retcln": {"vprod": 2.5111438742092522, "vCarbonSources": -13.21, "yield": 0.3475710873793001, "misc": {"yield on minimal media at 1.0% exp. growth": "UNDF"}}, "rsvtol": {"vprod": 1.4659557589889736, "vCarbonSources": -5.550743282537618, "yield": 0.33458984053042445, "misc": {"yield on minimal media at 1.0% exp. growth": "UNDF"}}, "skm": {"vprod": 9.725652187360838, "vCarbonSources": -13.21, "yield": 0.7116896739912171, "misc": {"yield on minimal media at 1.0% exp. growth": "UNDF"}}, "hdca": {"vprod": 1.0169945364213353, "vCarbonSources": -5.550180402242266, "yield": 0.26078392072068635, "misc": {"yield on minimal media at 1.0% exp. growth": "UNDF"}}, "sesqt": {"vprod": 1.1161070880932331, "vCarbonSources": -5.550726324289684, "yield": 0.2748980962445054, "misc": {"yield on minimal media at 1.0% exp. growth": "UNDF"}}}