{"13ppd": {"vCarbonSources": -13.21, "carbonSlack": 0.0, "vprod": 13.11829730685091, "yield": 0.41942421962463283}, "2phetoh": {"vCarbonSources": -13.21, "carbonSlack": 0.0, "vprod": 6.043377625746497, "yield": 0.31021101031187726}, "3hppa": {"vCarbonSources": -13.21, "carbonSlack": 0.0, "vprod": 9.432019770030667, "yield": 0.35701094583548765}, "3hppb": {"vCarbonSources": -13.21, "carbonSlack": 0.0, "vprod": 14.610877815113737, "yield": 0.5530356631391516}, "4hbz": {"vCarbonSources": -13.21, "carbonSlack": 0.0, "vprod": 5.383403028843423, "yield": 0.3101519222009954}, "arte": {"vCarbonSources": -13.21, "carbonSlack": 0.0, "vprod": 1.412508608711654, "yield": 0.13908088567307691}, "btd": {"vCarbonSources": -13.21, "carbonSlack": 0.0, "vprod": 12.581500135521468, "yield": 0.4764332482263352}, "btoh": {"vCarbonSources": -13.21, "carbonSlack": 0.0, "vprod": 9.577723638304525, "yield": 0.29829513053996126}, "citm": {"vCarbonSources": -13.21, "carbonSlack": 0.0, "vprod": 8.3262908855597, "yield": 0.5111522147960758}, "cou": {"vCarbonSources": -13.21, "carbonSlack": 0.0, "vprod": 5.315708870631258, "yield": 0.36441539640474163}, "hdca": {"vCarbonSources": -13.21, "carbonSlack": 0.0, "vprod": 1.322275094997493, "yield": 0.14245847490563154}, "hxdcol": {"vCarbonSources": -13.21, "carbonSlack": 0.0, "vprod": 1.344943131597913, "yield": 0.13701138247457723}, "ibutoh": {"vprod": "", "vCarbonSources": "", "yield": ""}, "lac__L": {"vCarbonSources": -13.21, "carbonSlack": 0.0, "vprod": 24.17540233688923, "yield": 0.9048021305862969}, "muco": {"vCarbonSources": -13.21, "carbonSlack": 0.0, "vprod": 6.50500096918884, "yield": 0.3829155054322021}, "nrgn": {"vCarbonSources": -13.21, "carbonSlack": 0.0, "vprod": 1.929450655511177, "yield": 0.2207242330273633}, "odealc": {"vCarbonSources": -0.332925, "carbonSlack": 0.0, "vprod": 0.097946072896019, "yield": 0.2307716612181017}, "pmtalc": {"vCarbonSources": -0.332925, "carbonSlack": 0.0, "vprod": 0.111424668221153, "yield": 0.23704826633003565}, "polyhb": {"vCarbonSources": -13.21, "carbonSlack": 0.0, "vprod": 8.258552528461752, "yield": 0.35777587495682167}, "retcln": {"vCarbonSources": -13.21, "carbonSlack": 0.0, "vprod": 1.166534631901427, "yield": 0.1614617603713631}, "rsvtol": {"vCarbonSources": -13.21, "carbonSlack": 0.0, "vprod": 1.929450655511192, "yield": 0.1850435222999662}, "sesqt": {"vCarbonSources": -13.21, "carbonSlack": 0.0, "vprod": 1.397262464635824, "yield": 0.14460751268481922}, "skm": {"vCarbonSources": -13.21, "carbonSlack": 0.0, "vprod": 6.508474472797413, "yield": 0.47626770796358253}, "stalc": {"vCarbonSources": -0.332925, "carbonSlack": 0.0, "vprod": 0.099374624598613, "yield": 0.23588152614509106}, "styr": {"vCarbonSources": -13.21, "carbonSlack": 0.0, "vprod": 5.400062163986131, "yield": 0.23632326892063865}, "tag": {"vCarbonSources": -2.201133727157571, "carbonSlack": 0.0, "vprod": 0.125284854949458, "yield": 0.2604287968803942}, "tal": {"vprod": "", "vCarbonSources": "", "yield": ""}}