{"tag": {"vprod": 0.13084232648079516, "vCarbonSources": -2.20113372715757, "yield": 0.27198107608594596, "misc": {"yield on minimal media at 1.0% exp. growth": "UNDF"}}, "lac__L": {"vprod": 8.86021162578038, "vCarbonSources": -5.516810175504626, "yield": 0.7940334092988445, "misc": {"yield on minimal media at 1.0% exp. growth": "UNDF"}}, "sesqt": {"vprod": 1.1161070880932331, "vCarbonSources": -5.550726324289684, "yield": 0.2748980962445054, "misc": {"yield on minimal media at 1.0% exp. growth": "UNDF"}}, "btoh": {"vprod": 4.161856556537492, "vCarbonSources": -5.549820853802994, "yield": 0.3085281699700435, "misc": {"yield on minimal media at 1.0% exp. growth": "UNDF"}}, "tal": {"vprod": 0.007105612999394498, "vCarbonSources": -0.078476895921783, "yield": 0.06718414909479177}, "nrgn": {"vprod": 3.969092787995581, "vCarbonSources": -13.21, "yield": 0.4540540899257472, "misc": {"yield on minimal media at 1.0% exp. growth": "UNDF"}}, "btd": {"vprod": 5.00873127986906, "vCarbonSources": -5.5476866691046345, "yield": 0.4516356963441319, "misc": {"yield on minimal media at 1.0% exp. growth": "UNDF"}}, "13ppd": {"vprod": 17.81382212023962, "vCarbonSources": -13.21, "yield": 0.5695516930700739, "misc": {"yield on minimal media at 1.0% exp. growth": "UNDF"}}, "hdca": {"vprod": 1.0169945364214676, "vCarbonSources": -5.550180402242269, "yield": 0.26078392072072015, "misc": {"yield on minimal media at 1.0% exp. growth": "UNDF"}}, "ibutoh": {"vprod": 4.68640372837228, "vCarbonSources": -5.549184128068436, "yield": 0.3474539429141642}, "2phetoh": {"vprod": 2.5553019381097966, "vCarbonSources": -5.549610203628807, "yield": 0.3122195099690078, "misc": {"yield on minimal media at 1.0% exp. growth": "UNDF"}}, "rsvtol": {"vprod": 1.465955759336204, "vCarbonSources": -5.550743282537632, "yield": 0.33458984060967545, "misc": {"yield on minimal media at 1.0% exp. growth": "UNDF"}}, "3hppb": {"vprod": 8.294245459149213, "vCarbonSources": -5.544759808667549, "yield": 0.7479521117530147, "misc": {"yield on minimal media at 1.0% exp. growth": "UNDF"}}, "polyhb": {"vprod": 4.826633115573237, "vCarbonSources": -5.547262026771105, "yield": 0.49793831173644304, "misc": {"yield on minimal media at 1.0% exp. growth": "UNDF"}}, "styr": {"vprod": 2.4915497802515416, "vCarbonSources": -5.55073108000964, "yield": 0.25949555615929476, "misc": {"yield on minimal media at 1.0% exp. growth": "UNDF"}}, "odealc": {"vprod": 0.09996364001457181, "vCarbonSources": -0.332925, "yield": 0.23552527003365606, "misc": {"yield on minimal media at 1.0% exp. growth": "UNDF"}}, "3hppa": {"vprod": 7.37994235935546, "vCarbonSources": -5.54541956689361, "yield": 0.6654236101561146, "misc": {"yield on minimal media at 1.0% exp. growth": "UNDF"}}, "citm": {"vprod": 12.489371088802157, "vCarbonSources": -13.21, "yield": 0.7667243171293748, "misc": {"yield on minimal media at 1.0% exp. growth": "UNDF"}}, "pmtalc": {"vprod": 0.11416737215181674, "vCarbonSources": -0.332925, "yield": 0.2428831790311442, "misc": {"yield on minimal media at 1.0% exp. growth": "UNDF"}}, "muco": {"vprod": 3.8364607695426276, "vCarbonSources": -5.549254244910699, "yield": 0.5375941613289179, "misc": {"yield on minimal media at 1.0% exp. growth": "UNDF"}}, "retcln": {"vprod": 2.511143874209327, "vCarbonSources": -13.21, "yield": 0.3475710873793104, "misc": {"yield on minimal media at 1.0% exp. growth": "UNDF"}}, "cou": {"vprod": 2.611823931663255, "vCarbonSources": -5.548570274707735, "yield": 0.4262860820794983, "misc": {"yield on minimal media at 1.0% exp. growth": "UNDF"}}, "hxdcol": {"vprod": 0.9874314723701774, "vCarbonSources": -5.550717505065815, "yield": 0.23939406808761174, "misc": {"yield on minimal media at 1.0% exp. growth": "UNDF"}}, "arte": {"vprod": 2.844697655376507, "vCarbonSources": -13.21, "yield": 0.2800995809453898, "misc": {"yield on minimal media at 1.0% exp. growth": "UNDF"}}, "3hpp": {"vprod": 0.0, "vCarbonSources": -5.550744909966918, "yield": 0.0}, "skm": {"vprod": 9.725652187360838, "vCarbonSources": -13.21, "yield": 0.7116896739912171, "misc": {"yield on minimal media at 1.0% exp. growth": "UNDF"}}, "4hbz": {"vprod": 3.3547285289071445, "vCarbonSources": -5.549441423005487, "yield": 0.46007486843851947, "misc": {"yield on minimal media at 1.0% exp. growth": "UNDF"}}, "stalc": {"vprod": 0.10139558847316912, "vCarbonSources": -0.332925, "yield": 0.24067860633472582, "misc": {"yield on minimal media at 1.0% exp. growth": "UNDF"}}}