{"13ppd": {"vCarbonSources": -13.21, "carbonSlack": 0.0, "vprod": 13.118302414095808, "yield": 0.41942438291580975}, "2phetoh": {"vCarbonSources": -13.21, "carbonSlack": 0.0, "vprod": 6.043377625746376, "yield": 0.31021101031187104}, "3hppa": {"vCarbonSources": -13.21, "carbonSlack": 0.0, "vprod": 9.432028570805167, "yield": 0.35701127895319784}, "3hppb": {"vCarbonSources": -13.21, "carbonSlack": 0.0, "vprod": 14.610877815113364, "yield": 0.5530356631391375}, "4hbz": {"vCarbonSources": -13.21, "carbonSlack": 0.0, "vprod": 5.383403028843428, "yield": 0.31015192220099563}, "arte": {"vCarbonSources": -13.21, "carbonSlack": 0.0, "vprod": 1.41250860871164, "yield": 0.13908088567307553}, "btd": {"vCarbonSources": -13.21, "carbonSlack": 0.0, "vprod": 12.58150013552137, "yield": 0.4764332482263315}, "btoh": {"vCarbonSources": -13.21, "carbonSlack": 0.0, "vprod": 9.577723638304636, "yield": 0.29829513053996476}, "citm": {"vCarbonSources": -13.21, "carbonSlack": 0.0, "vprod": 8.326290885559594, "yield": 0.5111522147960692}, "cou": {"vCarbonSources": -13.21, "carbonSlack": 0.0, "vprod": 5.315702138168096, "yield": 0.36441493486456106}, "hdca": {"vCarbonSources": -13.21, "carbonSlack": 0.0, "vprod": 1.322280786773353, "yield": 0.1424590881227386}, "hxdcol": {"vCarbonSources": -13.21, "carbonSlack": 0.0, "vprod": 1.344943131600855, "yield": 0.13701138247487693}, "ibutoh": {"vprod": "", "vCarbonSources": "", "yield": ""}, "lac__L": {"vCarbonSources": -13.21, "carbonSlack": 0.0, "vprod": 24.17540233686866, "yield": 0.9048021305855269}, "muco": {"vCarbonSources": -13.21, "carbonSlack": 0.0, "vprod": 6.505000969188813, "yield": 0.3829155054322005}, "nrgn": {"vCarbonSources": -13.21, "carbonSlack": 0.0, "vprod": 1.929450655511236, "yield": 0.22072423302737007}, "odealc": {"vCarbonSources": -0.332925, "carbonSlack": 0.0, "vprod": 0.038629158312921, "yield": 0.09101452229527979}, "pmtalc": {"vCarbonSources": -0.332925, "carbonSlack": 0.0, "vprod": 0.043957568027542, "yield": 0.0935166822514736}, "polyhb": {"vCarbonSources": -13.21, "carbonSlack": 0.0, "vprod": 8.2585525284615, "yield": 0.35777587495681074}, "retcln": {"vCarbonSources": -13.21, "carbonSlack": 0.0, "vprod": 1.166533503578864, "yield": 0.16146160419859093}, "rsvtol": {"vCarbonSources": -13.21, "carbonSlack": 0.0, "vprod": 1.929450655511219, "yield": 0.18504352229996876}, "sesqt": {"vCarbonSources": -13.21, "carbonSlack": 0.0, "vprod": 1.397262464635778, "yield": 0.14460751268481445}, "skm": {"vCarbonSources": -13.21, "carbonSlack": 0.0, "vprod": 6.508474472797408, "yield": 0.4762677079635822}, "stalc": {"vCarbonSources": -0.332925, "carbonSlack": 0.0, "vprod": 0.039206920399056, "yield": 0.09306388080994585}, "styr": {"vCarbonSources": -13.21, "carbonSlack": 0.0, "vprod": 5.400052509256071, "yield": 0.2363228464000641}, "tag": {"vCarbonSources": -2.201133727157571, "carbonSlack": 0.0, "vprod": 0.125284854980316, "yield": 0.26042879694453847}, "tal": {"vprod": "", "vCarbonSources": "", "yield": ""}}