{"13ppd": {"vCarbonSources": -13.21, "carbonSlack": 0.0, "vprod": 13.126015477710842, "yield": 0.4196709885241429}, "2phetoh": {"vCarbonSources": -13.21, "carbonSlack": 0.0, "vprod": 6.193963627530744, "yield": 0.3179407003370885}, "3hppa": {"vCarbonSources": -13.21, "carbonSlack": 0.0, "vprod": 12.926953939466648, "yield": 0.4892975380909073}, "3hppb": {"vCarbonSources": -13.21, "carbonSlack": 0.0, "vprod": 21.014507907259787, "yield": 0.7954191707778575}, "4hbz": {"vCarbonSources": -13.21, "carbonSlack": 0.0, "vprod": 6.485700917255147, "yield": 0.3736581852649452}, "arte": {"vCarbonSources": -13.21, "carbonSlack": 0.0, "vprod": 2.014477159828011, "yield": 0.19835296282732856}, "btd": {"vCarbonSources": -13.21, "carbonSlack": 0.0, "vprod": 12.604266408870853, "yield": 0.47729535603899836}, "btoh": {"vCarbonSources": -13.21, "carbonSlack": 0.0, "vprod": 10.940517312607131, "yield": 0.3407389023929453}, "citm": {"vCarbonSources": -13.21, "carbonSlack": 0.0, "vprod": 12.249083597913106, "yield": 0.7519730329328614}, "cou": {"vCarbonSources": -13.21, "carbonSlack": 0.0, "vprod": 6.134323316983224, "yield": 0.42053504389299357}, "hdca": {"vCarbonSources": -13.21, "carbonSlack": 0.0, "vprod": 1.869559758125892, "yield": 0.20142149912311622}, "hxdcol": {"vCarbonSources": -13.21, "carbonSlack": 0.0, "vprod": 1.906532265627526, "yield": 0.19422131338420714}, "ibutoh": {"vprod": "", "vCarbonSources": "", "yield": ""}, "lac__L": {"vCarbonSources": -13.21, "carbonSlack": 0.0, "vprod": 24.263611344307876, "yield": 0.9081034902384383}, "muco": {"vCarbonSources": -13.21, "carbonSlack": 0.0, "vprod": 6.52666155241352, "yield": 0.38419055107980776}, "nrgn": {"vCarbonSources": -13.21, "carbonSlack": 0.0, "vprod": 2.631670970138154, "yield": 0.301056445680508}, "odealc": {"vCarbonSources": -0.332925, "carbonSlack": 0.0, "vprod": 0.038837381822861, "yield": 0.09150511966047002}, "pmtalc": {"vCarbonSources": -0.332925, "carbonSlack": 0.0, "vprod": 0.044218735601577, "yield": 0.09407229818136574}, "polyhb": {"vCarbonSources": -13.21, "carbonSlack": 0.0, "vprod": 12.173256981443249, "yield": 0.5273681619872579}, "retcln": {"vCarbonSources": -13.21, "carbonSlack": 0.0, "vprod": 1.664398603946581, "yield": 0.23037183912390055}, "rsvtol": {"vCarbonSources": -13.21, "carbonSlack": 0.0, "vprod": 2.631670970138149, "yield": 0.25238980041182374}, "sesqt": {"vCarbonSources": -13.21, "carbonSlack": 0.0, "vprod": 1.995510818945774, "yield": 0.20652229868538366}, "skm": {"vCarbonSources": -13.21, "carbonSlack": 0.0, "vprod": 6.528200525573759, "yield": 0.47771119245172566}, "stalc": {"vCarbonSources": -0.332925, "carbonSlack": 0.0, "vprod": 0.039414540785268, "yield": 0.09355670092128042}, "styr": {"vCarbonSources": -13.21, "carbonSlack": 0.0, "vprod": 6.147199582163946, "yield": 0.26902029196127214}, "tag": {"vCarbonSources": -2.201133727157571, "carbonSlack": 0.0, "vprod": 0.127875061435914, "yield": 0.2658130419211189}, "tal": {"vprod": "", "vCarbonSources": "", "yield": ""}}