{"cou": {"vprod": 2.611823947915461, "vCarbonSources": -5.5485702746942245, "yield": 0.4262860847331228, "misc": {"yield on minimal media at 1.0% exp. growth": "UNDF"}}, "stalc": {"vprod": 0.10139558847316912, "vCarbonSources": -0.332925, "yield": 0.24067860633472582, "misc": {"yield on minimal media at 1.0% exp. growth": "UNDF"}}, "lac__L": {"vprod": 8.86021156854835, "vCarbonSources": -5.51681017572383, "yield": 0.7940334041382812, "misc": {"yield on minimal media at 1.0% exp. growth": "UNDF"}}, "styr": {"vprod": 2.4915497802515416, "vCarbonSources": -5.55073108000964, "yield": 0.25949555615929476, "misc": {"yield on minimal media at 1.0% exp. growth": "UNDF"}}, "tal": {"vprod": 0.007105612999394498, "vCarbonSources": -0.078476895921783, "yield": 0.06718414909479177}, "2phetoh": {"vprod": 2.5553019362142217, "vCarbonSources": -5.549610217984472, "yield": 0.3122195089297514, "misc": {"yield on minimal media at 1.0% exp. growth": "UNDF"}}, "odealc": {"vprod": 0.09996364001457181, "vCarbonSources": -0.332925, "yield": 0.23552527003365606, "misc": {"yield on minimal media at 1.0% exp. growth": "UNDF"}}, "hxdcol": {"vprod": 0.9874314721362993, "vCarbonSources": -5.550717505065838, "yield": 0.23939406803090904, "misc": {"yield on minimal media at 1.0% exp. growth": "UNDF"}}, "citm": {"vprod": 12.489371088802157, "vCarbonSources": -13.21, "yield": 0.7667243171293748, "misc": {"yield on minimal media at 1.0% exp. growth": "UNDF"}}, "arte": {"vprod": 2.8446976553762857, "vCarbonSources": -13.21, "yield": 0.280099580945368, "misc": {"yield on minimal media at 1.0% exp. growth": "UNDF"}}, "3hpp": {"vprod": 0.0, "vCarbonSources": -5.550744909966918, "yield": 0.0}, "retcln": {"vprod": 2.511143874209327, "vCarbonSources": -13.21, "yield": 0.3475710873793104, "misc": {"yield on minimal media at 1.0% exp. growth": "UNDF"}}, "polyhb": {"vprod": 4.826633115573177, "vCarbonSources": -5.547262026771118, "yield": 0.4979383117364357, "misc": {"yield on minimal media at 1.0% exp. growth": "UNDF"}}, "3hppb": {"vprod": 8.294245459149213, "vCarbonSources": -5.544759808667549, "yield": 0.7479521117530147, "misc": {"yield on minimal media at 1.0% exp. growth": "UNDF"}}, "sesqt": {"vprod": 1.1161070880932331, "vCarbonSources": -5.550726324289684, "yield": 0.2748980962445054, "misc": {"yield on minimal media at 1.0% exp. growth": "UNDF"}}, "nrgn": {"vprod": 3.9690930361825236, "vCarbonSources": -13.21, "yield": 0.45405411831770026, "misc": {"yield on minimal media at 1.0% exp. growth": "UNDF"}}, "skm": {"vprod": 9.725652187360732, "vCarbonSources": -13.21, "yield": 0.7116896739912092, "misc": {"yield on minimal media at 1.0% exp. growth": "UNDF"}}, "muco": {"vprod": 3.8364607695422364, "vCarbonSources": -5.5492542449107, "yield": 0.537594161328863, "misc": {"yield on minimal media at 1.0% exp. growth": "UNDF"}}, "13ppd": {"vprod": 17.81382212023962, "vCarbonSources": -13.21, "yield": 0.5695516930700739, "misc": {"yield on minimal media at 1.0% exp. growth": "UNDF"}}, "ibutoh": {"vprod": 4.686403728372541, "vCarbonSources": -5.549184128068448, "yield": 0.3474539429141829}, "hdca": {"vprod": 1.0169945364213926, "vCarbonSources": -5.550180402242267, "yield": 0.26078392072070095, "misc": {"yield on minimal media at 1.0% exp. growth": "UNDF"}}, "tag": {"vprod": 0.13084233373951282, "vCarbonSources": -2.20113372715757, "yield": 0.2719810911745942, "misc": {"yield on minimal media at 1.0% exp. growth": "UNDF"}}, "btoh": {"vprod": 4.161856556537502, "vCarbonSources": -5.549820853803029, "yield": 0.30852816997004234, "misc": {"yield on minimal media at 1.0% exp. growth": "UNDF"}}, "btd": {"vprod": 5.008732116108107, "vCarbonSources": -5.547686668594033, "yield": 0.4516357717891071, "misc": {"yield on minimal media at 1.0% exp. growth": "UNDF"}}, "4hbz": {"vprod": 3.3547285289072923, "vCarbonSources": -5.5494414230054865, "yield": 0.4600748684385398, "misc": {"yield on minimal media at 1.0% exp. growth": "UNDF"}}, "pmtalc": {"vprod": 0.11416738302739309, "vCarbonSources": -0.332925, "yield": 0.24288320216817982, "misc": {"yield on minimal media at 1.0% exp. growth": "UNDF"}}, "rsvtol": {"vprod": 1.4659557589889811, "vCarbonSources": -5.550743282537625, "yield": 0.33458984053042573, "misc": {"yield on minimal media at 1.0% exp. growth": "UNDF"}}, "3hppa": {"vprod": 7.379942361103544, "vCarbonSources": -5.545419566892341, "yield": 0.6654236103138855, "misc": {"yield on minimal media at 1.0% exp. growth": "UNDF"}}}