{"btd": {"vprod": 12.894437868996208, "vCarbonSources": -13.21, "yield": 0.4882834997262354, "misc": {}}, "3hpp": {"vprod": 0.0, "vCarbonSources": -1.1390076417666142, "yield": 0.0}, "ibutoh": {"vprod": 12.523854152599657, "vCarbonSources": -13.21, "yield": 0.39005142039935425, "misc": {}}, "citm": {"vprod": 12.489371538802128, "vCarbonSources": -13.21, "yield": 0.7667243447549389, "misc": {}}, "tal": {"vprod": 0.00710568005981288, "vCarbonSources": -0.078476895921783, "yield": 0.0671847831565043}, "lac__L": {"vprod": 24.246591963393424, "vCarbonSources": -13.21, "yield": 0.9074665133683922, "misc": {}}, "tag": {"vprod": 0.13084120729719176, "vCarbonSources": -2.20113372715757, "yield": 0.2719787496464139, "misc": {"yield on minimal media at 1.0% exp. growth": 0.189023482934108, "yield on minimal media at 0.0% exp. growth": 0.319626121189274}}, "3hppa": {"vprod": 20.066145073153212, "vCarbonSources": -13.21, "yield": 0.7595227328298153, "misc": {}}, "hxdcol": {"vprod": 2.677177506303691, "vCarbonSources": -13.21, "yield": 0.27272810474351733, "misc": {}}, "4hbz": {"vprod": 9.055952191748684, "vCarbonSources": -13.21, "yield": 0.5217370805385532, "misc": {}}, "hdca": {"vprod": 2.761960230576627, "vCarbonSources": -13.21, "yield": 0.2975664017922826, "misc": {}}, "nrgn": {"vprod": 3.96909316610889, "vCarbonSources": -13.21, "yield": 0.4540541331809452, "misc": {}}, "cou": {"vprod": 7.096204443792231, "vCarbonSources": -13.21, "yield": 0.48647625712552295, "misc": {}}, "13ppd": {"vprod": 17.81382266698288, "vCarbonSources": -13.21, "yield": 0.5695517105508002, "misc": {}}, "skm": {"vprod": 9.72565248318248, "vCarbonSources": -13.21, "yield": 0.7116896956384242, "misc": {}}, "polyhb": {"vprod": 12.489371538802127, "vCarbonSources": -13.21, "yield": 0.5410628332938684, "misc": {}}, "3hppb": {"vprod": 22.34089323932462, "vCarbonSources": -13.21, "yield": 0.8456241208827535, "misc": {}}, "odealc": {"vprod": 0.09996683862160761, "vCarbonSources": -0.332925, "yield": 0.23553280630170045, "misc": {"yield on minimal media at 1.0% exp. growth": 0.077778472956246, "yield on minimal media at 0.0% exp. growth": 0.074424857480135}}, "btoh": {"vprod": 11.197873322662797, "vCarbonSources": -13.21, "yield": 0.3487541727759596, "misc": {}}, "rsvtol": {"vprod": 3.9690931654263863, "vCarbonSources": -13.21, "yield": 0.3806549691070659, "misc": {}}, "sesqt": {"vprod": 2.957467099771051, "vCarbonSources": -13.21, "yield": 0.3060784727059451, "misc": {}}, "2phetoh": {"vprod": 6.941370261962294, "vCarbonSources": -13.21, "yield": 0.3563056315955702, "misc": {}}, "styr": {"vprod": 6.766254088154464, "vCarbonSources": -13.21, "yield": 0.29611201425132433, "misc": {}}, "retcln": {"vprod": 2.511143938761768, "vCarbonSources": -13.21, "yield": 0.347571096314108, "misc": {}}, "stalc": {"vprod": 0.10139883289927032, "vCarbonSources": -0.332925, "yield": 0.2406863074977069, "misc": {"yield on minimal media at 1.0% exp. growth": 0.118820778153617, "yield on minimal media at 0.0% exp. growth": 0.119709007546808}}, "pmtalc": {"vprod": 0.11417103612160551, "vCarbonSources": -0.332925, "yield": 0.24289097387316777, "misc": {"yield on minimal media at 1.0% exp. growth": 0.120200493364368, "yield on minimal media at 0.0% exp. growth": 0.121099036640563}}, "muco": {"vprod": 10.422415647065723, "vCarbonSources": -13.21, "yield": 0.6135132914235861, "misc": {}}, "arte": {"vprod": 2.8446977520824004, "vCarbonSources": -13.21, "yield": 0.2800995904674141, "misc": {}}}