{"arte": {"vprod": 2.8446976587811994, "vCarbonSources": -13.21, "yield": 0.28009958128062856, "misc": {}}, "btd": {"vprod": 12.8944378515529, "vCarbonSources": -13.21, "yield": 0.4882834990656963, "misc": {}}, "skm": {"vprod": 9.725652210493044, "vCarbonSources": -13.21, "yield": 0.711689675683952, "misc": {}}, "tal": {"vprod": 0.007105612026366954, "vCarbonSources": -0.078476895921783, "yield": 0.06718413989473716}, "lac__L": {"vprod": 24.246591271980808, "vCarbonSources": -13.21, "yield": 0.9074664874911968, "misc": {}}, "nrgn": {"vprod": 3.9690930418603694, "vCarbonSources": -13.21, "yield": 0.45405411896723136, "misc": {}}, "3hppa": {"vprod": 20.066144500508553, "vCarbonSources": -13.21, "yield": 0.7595227111546687, "misc": {}}, "2phetoh": {"vprod": 6.941370065782265, "vCarbonSources": -13.21, "yield": 0.3563056215255053, "misc": {}}, "hxdcol": {"vprod": 2.6771774234382715, "vCarbonSources": -13.21, "yield": 0.27272809630189226, "misc": {}}, "styr": {"vprod": 6.766253893937488, "vCarbonSources": -13.21, "yield": 0.29611200575179425, "misc": {}}, "hdca": {"vprod": 2.7619601451929303, "vCarbonSources": -13.21, "yield": 0.29756639259326556, "misc": {}}, "cou": {"vprod": 7.096204244674719, "vCarbonSources": -13.21, "yield": 0.48647624347513524, "misc": {}}, "13ppd": {"vprod": 17.813822165962105, "vCarbonSources": -13.21, "yield": 0.5695516945319341, "misc": {}}, "tag": {"vprod": 0.13084232648079575, "vCarbonSources": -2.20113372715757, "yield": 0.2719810760859471, "misc": {"yield on minimal media at 1.0% exp. growth": 0.189023482934108, "yield on minimal media at 0.0% exp. growth": 0.319626121189274}}, "pmtalc": {"vprod": 0.11416737310073684, "vCarbonSources": -0.332925, "yield": 0.242883181049906}, "3hpp": {"vprod": 0.0, "vCarbonSources": -1.0867043592755463, "yield": 0.0}, "stalc": {"vprod": 0.10139557965699551, "vCarbonSources": -0.332925, "yield": 0.24067858540813117}, "btoh": {"vprod": 11.197872979616301, "vCarbonSources": -13.21, "yield": 0.34875416209188653, "misc": {}}, "4hbz": {"vprod": 9.055951953675855, "vCarbonSources": -13.21, "yield": 0.521737066822555, "misc": {}}, "retcln": {"vprod": 2.5111438793187735, "vCarbonSources": -13.21, "yield": 0.34757108808651643, "misc": {}}, "ibutoh": {"vprod": 12.523853802600074, "vCarbonSources": -13.21, "yield": 0.39005140949872946, "misc": {}}, "3hppb": {"vprod": 22.340892551921577, "vCarbonSources": -13.21, "yield": 0.8456240948638927, "misc": {}}, "rsvtol": {"vprod": 3.9690930425428514, "vCarbonSources": -13.21, "yield": 0.3806549573219487, "misc": {}}, "sesqt": {"vprod": 2.9574670035910144, "vCarbonSources": -13.21, "yield": 0.30607846275194134, "misc": {}}, "polyhb": {"vprod": 12.489371088802072, "vCarbonSources": -13.21, "yield": 0.5410628137990281, "misc": {}}, "muco": {"vprod": 10.422415355892925, "vCarbonSources": -13.21, "yield": 0.6135132742837609, "misc": {}}, "odealc": {"vprod": 0.09996363129559631, "vCarbonSources": -0.332925, "yield": 0.2355252494907961}, "citm": {"vprod": 12.489371088802118, "vCarbonSources": -13.21, "yield": 0.7667243171293724, "misc": {}}}