{"13ppd": {"vCarbonSources": -13.21, "carbonSlack": 0.0, "vprod": 10.33377596184603, "yield": 0.3303962257593862}, "2phetoh": {"vCarbonSources": -13.21, "carbonSlack": 0.0, "vprod": 3.765885265022366, "yield": 0.19330565540108838}, "3hppa": {"vCarbonSources": -13.21, "carbonSlack": 0.0, "vprod": 4.789907146774331, "yield": 0.18130255476855364}, "3hppb": {"vCarbonSources": -13.21, "carbonSlack": 0.0, "vprod": 8.273785303551145, "yield": 0.3131706663980993}, "4hbz": {"vCarbonSources": -13.21, "carbonSlack": 0.0, "vprod": 3.201830994039559, "yield": 0.1844658540412944}, "arte": {"vCarbonSources": -13.21, "carbonSlack": 0.0, "vprod": 1.268691931624992, "yield": 0.12492015723545288}, "btd": {"vCarbonSources": -13.21, "carbonSlack": 0.0, "vprod": 12.861018328596879, "yield": 0.48701797653622003}, "btoh": {"vCarbonSources": -13.21, "carbonSlack": 0.0, "vprod": 8.787635674310453, "yield": 0.2736880943319939}, "citm": {"vCarbonSources": -13.21, "carbonSlack": 0.0, "vprod": 4.983742289914067, "yield": 0.3059526678176101}, "cou": {"vCarbonSources": -13.21, "carbonSlack": 0.0, "vprod": 3.08763752503665, "yield": 0.211671233324478}, "hdca": {"vCarbonSources": -13.21, "carbonSlack": 0.0, "vprod": 0.716460988511289, "yield": 0.07718964089911483}, "hxdcol": {"vCarbonSources": -13.21, "carbonSlack": 0.0, "vprod": 0.728346148143238, "yield": 0.07419771909506445}, "ibutoh": {"vCarbonSources": -13.21, "carbonSlack": 0.0, "vprod": 12.364242488983699, "yield": 0.38508036633347903}, "lac__L": {"vCarbonSources": -13.21, "carbonSlack": 0.0, "vprod": 21.15294223104609, "yield": 0.7916818480251235}, "muco": {"vCarbonSources": -13.21, "carbonSlack": 0.0, "vprod": 4.807363077610548, "yield": 0.2829844102066129}, "nrgn": {"vCarbonSources": -13.21, "carbonSlack": 0.0, "vprod": 1.076926979514537, "yield": 0.12319769925230109}, "odealc": {"vprod": "", "vCarbonSources": "", "yield": ""}, "pmtalc": {"vprod": "", "vCarbonSources": "", "yield": ""}, "polyhb": {"vCarbonSources": -13.21, "carbonSlack": 0.0, "vprod": 4.768756988393707, "yield": 0.20659143331704463}, "retcln": {"vCarbonSources": -13.21, "carbonSlack": 0.0, "vprod": 0.491953794688782, "yield": 0.06809204248171426}, "rsvtol": {"vCarbonSources": -13.21, "carbonSlack": 0.0, "vprod": 1.076921922608241, "yield": 0.10328194982974757}, "sesqt": {"vCarbonSources": -13.21, "carbonSlack": 0.0, "vprod": 1.323884235524466, "yield": 0.13701334661683146}, "skm": {"vCarbonSources": -13.21, "carbonSlack": 0.0, "vprod": 4.563412132168279, "yield": 0.33393475625738106}, "stalc": {"vprod": "", "vCarbonSources": "", "yield": ""}, "styr": {"vCarbonSources": -13.21, "carbonSlack": 0.0, "vprod": 2.989832425770465, "yield": 0.13084422936743323}, "tag": {"yield on minimal media at 1.0% exp. growth": 0.0, "yield on minimal media at 0.0% exp. growth": 0.155546644922741, "vCarbonSources": -2.201133727157571, "carbonSlack": 0.0, "vprod": 0.059079127950144, "yield": 0.12280739135632797}, "tal": {"vprod": "", "vCarbonSources": "", "yield": ""}}