{"retcln": {"vprod": 2.5162122670754545, "vCarbonSources": -13.21, "yield": 0.34827261103067836, "misc": {}}, "4hbz": {"vprod": 9.067515113986417, "vCarbonSources": -13.21, "yield": 0.5224032507173562, "misc": {}}, "2phetoh": {"vprod": 6.949933224568027, "vCarbonSources": -13.21, "yield": 0.3567451747526734, "misc": {}}, "btoh": {"vprod": 11.211021485936174, "vCarbonSources": -13.21, "yield": 0.3491636681036706, "misc": {}}, "styr": {"vprod": 6.7744358392641635, "vCarbonSources": -13.21, "yield": 0.2964700727530642, "misc": {}}, "pmtalc": {"vprod": 0.0, "vCarbonSources": -0.29042835870445016, "yield": 0.0, "misc": {"yield on minimal media at 1.0% exp. growth": 0.120200493364368, "yield on minimal media at 0.0% exp. growth": 0.121099036640563}}, "arte": {"vprod": 2.8483048893284972, "vCarbonSources": -13.21, "yield": 0.2804547627048343, "misc": {}}, "btd": {"vprod": 12.93506843424415, "vCarbonSources": -13.21, "yield": 0.48982208828641, "misc": {}}, "lac__L": {"vprod": 24.27650286081777, "vCarbonSources": -13.21, "yield": 0.9085859753463218, "misc": {}}, "hxdcol": {"vprod": 2.6803209573814466, "vCarbonSources": -13.21, "yield": 0.2730483328392531, "misc": {}}, "stalc": {"vprod": 0.0, "vCarbonSources": -0.332925, "yield": 0.0, "misc": {"yield on minimal media at 1.0% exp. growth": 0.118820778153617, "yield on minimal media at 0.0% exp. growth": 0.119709007546808}}, "tag": {"vprod": 0.13333664715185992, "vCarbonSources": -2.20113372715757, "yield": 0.27716600391829527, "misc": {"yield on minimal media at 1.0% exp. growth": 0.189023482934108, "yield on minimal media at 0.0% exp. growth": 0.319626121189274}}, "odealc": {"vprod": 0.0, "vCarbonSources": -0.332925, "yield": 0.0, "misc": {"yield on minimal media at 1.0% exp. growth": 0.077778472956246, "yield on minimal media at 0.0% exp. growth": 0.074424857480135}}, "3hppb": {"vprod": 22.367227873083856, "vCarbonSources": -13.21, "yield": 0.8466209118920863, "misc": {}}, "3hpp": {"vprod": 0.0, "vCarbonSources": -13.21, "yield": 0.0}, "polyhb": {"vprod": 12.502815768183709, "vCarbonSources": -13.21, "yield": 0.541645262347088, "misc": {}}, "cou": {"vprod": 7.104774546832009, "vCarbonSources": -13.21, "yield": 0.48706377566208636, "misc": {}}, "tal": {"vprod": -8.946889123367239e-07, "vCarbonSources": -0.078476895921783, "yield": 8.45935646720553e-06}, "citm": {"vprod": 12.50281531047952, "vCarbonSources": -13.21, "yield": 0.7675496598637382, "misc": {}}, "sesqt": {"vprod": 2.9612172314885616, "vCarbonSources": -13.21, "yield": 0.3064665867744434, "misc": {}}, "nrgn": {"vprod": 3.974395028628913, "vCarbonSources": -13.21, "yield": 0.4546606527283644, "misc": {}}, "ibutoh": {"vprod": 12.543923835860987, "vCarbonSources": -13.21, "yield": 0.39067648424692564, "misc": {}}, "3hppa": {"vprod": 20.090898919297505, "vCarbonSources": -13.21, "yield": 0.7604596895199529, "misc": {}}, "rsvtol": {"vprod": 3.9743950286289307, "vCarbonSources": -13.21, "yield": 0.38116344308070665, "misc": {}}, "skm": {"vprod": 9.737650172584237, "vCarbonSources": -13.21, "yield": 0.7125676451573347, "misc": {}}, "hdca": {"vprod": 2.7652032291392166, "vCarbonSources": -13.21, "yield": 0.2979157940111148, "misc": {}}, "muco": {"vprod": 10.435272871515673, "vCarbonSources": -13.21, "yield": 0.6142701292199257, "misc": {}}, "13ppd": {"vprod": 17.83579802019262, "vCarbonSources": -13.21, "yield": 0.5702543166250014, "misc": {}}}