{"13ppd": {"vCarbonSources": -13.21, "carbonSlack": 0.0, "vprod": 7.603274750982186, "yield": 0.24309538840509076}, "2phetoh": {"vCarbonSources": -13.21, "carbonSlack": 0.0, "vprod": 1.677292248506137, "yield": 0.08609664251008942}, "3hppa": {"vCarbonSources": -13.21, "carbonSlack": 0.0, "vprod": 2.782384540012428, "yield": 0.10531590905525057}, "3hppb": {"vCarbonSources": -13.21, "carbonSlack": 0.0, "vprod": 1.980862282753756, "yield": 0.07497752701736145}, "4hbz": {"vCarbonSources": -13.21, "carbonSlack": 0.0, "vprod": 1.508393595748058, "yield": 0.08690249841046005}, "arte": {"vCarbonSources": -13.21, "carbonSlack": 0.0, "vprod": 0.303006696869241, "yield": 0.0298351737508245}, "btd": {"vCarbonSources": -13.21, "carbonSlack": 0.0, "vprod": 4.964587466408677, "yield": 0.18799781482709516}, "btoh": {"vCarbonSources": -13.21, "carbonSlack": 0.0, "vprod": 1.643145652115875, "yield": 0.05117524427556369}, "citm": {"vCarbonSources": -13.21, "carbonSlack": 0.0, "vprod": 1.484989845023696, "yield": 0.09116374369648499}, "cou": {"vCarbonSources": -13.21, "carbonSlack": 0.0, "vprod": 1.253882440223427, "yield": 0.08595919709288039}, "hdca": {"vCarbonSources": -13.21, "carbonSlack": 0.0, "vprod": 0.370652195996508, "yield": 0.039933102243134865}, "hxdcol": {"vCarbonSources": -13.21, "carbonSlack": 0.0, "vprod": 0.400442259543859, "yield": 0.04079365609768412}, "ibutoh": {"vCarbonSources": -13.21, "carbonSlack": 0.0, "vprod": 1.203868573870632, "yield": 0.037494100577250264}, "lac__L": {"vCarbonSources": -13.21, "carbonSlack": 0.0, "vprod": 14.737688304994283, "yield": 0.5515809661594826}, "muco": {"vCarbonSources": -13.21, "carbonSlack": 0.0, "vprod": 1.686107340195298, "yield": 0.09925235175857905}, "nrgn": {"vCarbonSources": -13.21, "carbonSlack": 0.0, "vprod": 0.400094572882544, "yield": 0.04576979851009124}, "odealc": {"yield on minimal media at 1.0% exp. growth": 0.078150819418957, "yield on minimal media at 0.0% exp. growth": 0.083075047987053, "vCarbonSources": -0.332925, "carbonSlack": 0.0, "vprod": 0.100790276286722, "yield": 0.23747291550944516}, "pmtalc": {"yield on minimal media at 1.0% exp. growth": 0.079358646518538, "yield on minimal media at 0.0% exp. growth": 0.084589254540941, "vCarbonSources": -0.332925, "carbonSlack": 0.0, "vprod": 0.115079869491406, "yield": 0.24482445393762256}, "polyhb": {"vCarbonSources": -13.21, "carbonSlack": 0.0, "vprod": 1.443972089041542, "yield": 0.06255555992283472}, "retcln": {"vCarbonSources": -13.21, "carbonSlack": 0.0, "vprod": 0.203124484767071, "yield": 0.028114756294512454}, "rsvtol": {"vCarbonSources": -13.21, "carbonSlack": 0.0, "vprod": 0.400094572755717, "yield": 0.03837097817679252}, "sesqt": {"vCarbonSources": -13.21, "carbonSlack": 0.0, "vprod": 0.273747905701509, "yield": 0.028331115125525944}, "skm": {"vCarbonSources": -13.21, "carbonSlack": 0.0, "vprod": 1.894526122141673, "yield": 0.13863488558505935}, "stalc": {"yield on minimal media at 1.0% exp. growth": 0.078807086651177, "yield on minimal media at 0.0% exp. growth": 0.083715053428087, "vCarbonSources": -0.332925, "carbonSlack": 0.0, "vprod": 0.102247504860163, "yield": 0.24270076579770536}, "styr": {"vCarbonSources": -13.21, "carbonSlack": 0.0, "vprod": 1.36817810576082, "yield": 0.05987566672387565}, "tag": {"vCarbonSources": -2.201133727157571, "carbonSlack": 0.0, "vprod": 0.010665980963197, "yield": 0.02217130387320291}, "tal": {"vprod": "", "vCarbonSources": "", "yield": ""}}