{"pmtalc": {"vprod": 0.11416738362812533, "vCarbonSources": -0.332925, "yield": 0.24288320344619604, "misc": {"yield on minimal media at 1.0% exp. growth": 0.120200493364368, "yield on minimal media at 0.0% exp. growth": 0.121099036640563}}, "nrgn": {"vprod": 3.9690930361825236, "vCarbonSources": -13.21, "yield": 0.45405411831770026, "misc": {}}, "muco": {"vprod": 10.422415330050786, "vCarbonSources": -13.21, "yield": 0.613513272762569, "misc": {}}, "styr": {"vprod": 6.76625387898346, "vCarbonSources": -13.21, "yield": 0.29611200509736013, "misc": {}}, "tal": {"vprod": 0.007105612999394498, "vCarbonSources": -0.078476895921783, "yield": 0.06718414909479177}, "btd": {"vprod": 12.894437846372293, "vCarbonSources": -13.21, "yield": 0.4882834988695184, "misc": {}}, "hdca": {"vprod": 2.76196014032085, "vCarbonSources": -13.21, "yield": 0.2975663920683603, "misc": {}}, "skm": {"vprod": 9.725652187360838, "vCarbonSources": -13.21, "yield": 0.7116896739912171, "misc": {}}, "13ppd": {"vprod": 17.81382212023962, "vCarbonSources": -13.21, "yield": 0.5695516930700739, "misc": {}}, "btoh": {"vprod": 11.197872956736564, "vCarbonSources": -13.21, "yield": 0.3487541613793045, "misc": {}}, "3hppa": {"vprod": 20.066144455531553, "vCarbonSources": -13.21, "yield": 0.7595227094522464, "misc": {}}, "rsvtol": {"vprod": 3.9690930358738408, "vCarbonSources": -13.21, "yield": 0.38065495668235877, "misc": {}}, "3hpp": {"vprod": 0.0, "vCarbonSources": -2.746616281645207, "yield": 0.0}, "sesqt": {"vprod": 2.9574669997709995, "vCarbonSources": -13.21, "yield": 0.30607846235659486, "misc": {}}, "hxdcol": {"vprod": 2.677177418561634, "vCarbonSources": -13.21, "yield": 0.2727280958051019, "misc": {}}, "cou": {"vprod": 7.0962042261573, "vCarbonSources": -13.21, "yield": 0.4864762422056842, "misc": {}}, "4hbz": {"vprod": 9.055951931401262, "vCarbonSources": -13.21, "yield": 0.5217370655392575, "misc": {}}, "2phetoh": {"vprod": 6.9413700508290495, "vCarbonSources": -13.21, "yield": 0.3563056207579458, "misc": {}}, "stalc": {"vprod": 0.10139558847316912, "vCarbonSources": -0.332925, "yield": 0.24067860633472582, "misc": {"yield on minimal media at 1.0% exp. growth": 0.118820778153617, "yield on minimal media at 0.0% exp. growth": 0.119709007546808}}, "tag": {"vprod": 0.13084233371678158, "vCarbonSources": -2.20113372715757, "yield": 0.2719810911273429, "misc": {"yield on minimal media at 1.0% exp. growth": 0.189023482934108, "yield on minimal media at 0.0% exp. growth": 0.319626121189274}}, "odealc": {"vprod": 0.09996364001457181, "vCarbonSources": -0.332925, "yield": 0.23552527003365606, "misc": {"yield on minimal media at 1.0% exp. growth": 0.077778472956246, "yield on minimal media at 0.0% exp. growth": 0.074424857480135}}, "polyhb": {"vprod": 12.489371088802146, "vCarbonSources": -13.21, "yield": 0.5410628137990313, "misc": {}}, "lac__L": {"vprod": 24.246591217100672, "vCarbonSources": -13.21, "yield": 0.9074664854372223, "misc": {}}, "arte": {"vprod": 2.844697655376507, "vCarbonSources": -13.21, "yield": 0.2800995809453898, "misc": {}}, "citm": {"vprod": 12.489371088802157, "vCarbonSources": -13.21, "yield": 0.7667243171293748, "misc": {}}, "3hppb": {"vprod": 22.340892507774797, "vCarbonSources": -13.21, "yield": 0.8456240931928949, "misc": {}}, "retcln": {"vprod": 2.511143874209327, "vCarbonSources": -13.21, "yield": 0.3475710873793104, "misc": {}}, "ibutoh": {"vprod": 12.523853802600138, "vCarbonSources": -13.21, "yield": 0.39005140949873146, "misc": {}}}