{"stalc": {"vprod": 0.0, "vCarbonSources": -0.332925, "yield": 0.0}, "pmtalc": {"vprod": 0.0, "vCarbonSources": -0.32523220437170874, "yield": 0.0}, "hdca": {"vprod": 2.761960145192973, "vCarbonSources": -13.21, "yield": 0.2975663925932701}, "lac__L": {"vprod": 24.246591281448808, "vCarbonSources": -13.21, "yield": 0.9074664878455516}, "13ppd": {"vprod": 17.813822165962474, "vCarbonSources": -13.21, "yield": 0.569551694531946}, "2phetoh": {"vprod": 6.94137006864536, "vCarbonSources": -13.21, "yield": 0.35630562167247004}, "odealc": {"vprod": 0.0, "vCarbonSources": -0.332925, "yield": 0.0}, "ibutoh": {"vprod": 12.523853802600042, "vCarbonSources": -13.21, "yield": 0.39005140949872846}, "4hbz": {"vprod": 9.055951953675661, "vCarbonSources": -13.21, "yield": 0.521737066822544}, "cou": {"vprod": 7.096204244674806, "vCarbonSources": -13.21, "yield": 0.48647624347514123}, "3hppb": {"vprod": 22.340892553421536, "vCarbonSources": -13.21, "yield": 0.8456240949206675}, "btd": {"vprod": 12.894437852152748, "vCarbonSources": -13.21, "yield": 0.4882834990884113}, "retcln": {"vprod": 2.51114387931878, "vCarbonSources": -13.21, "yield": 0.3475710880865173}, "3hpp": {"vprod": 0.0, "vCarbonSources": -13.21, "yield": 0.0}, "styr": {"vprod": 6.766253896689476, "vCarbonSources": -13.21, "yield": 0.2961120058722297}, "muco": {"vprod": 10.422415356801984, "vCarbonSources": -13.21, "yield": 0.6135132743372725}, "tal": {"vprod": 0.0, "vCarbonSources": -0.078476895921783, "yield": 0.0}, "citm": {"vprod": 12.489371088802196, "vCarbonSources": -13.21, "yield": 0.7667243171293773}, "polyhb": {"vprod": 12.489371088802056, "vCarbonSources": -13.21, "yield": 0.5410628137990273}, "tag": {"vprod": 0.0, "vCarbonSources": -2.20113372715757, "yield": 0.0}, "skm": {"vprod": 9.725651658297076, "vCarbonSources": -13.21, "yield": 0.7116896352761561}, "btoh": {"vprod": 11.197872271468269, "vCarbonSources": -13.21, "yield": 0.34875414003684324}, "sesqt": {"vprod": 2.957466810711355, "vCarbonSources": -13.21, "yield": 0.30607844279016}, "3hppa": {"vprod": 20.06614336395802, "vCarbonSources": -13.21, "yield": 0.7595226681351469}, "nrgn": {"vprod": 3.9690927900974984, "vCarbonSources": -13.21, "yield": 0.4540540901662012}, "hxdcol": {"vprod": 2.6771772549850024, "vCarbonSources": -13.21, "yield": 0.27272807914130404}, "arte": {"vprod": 2.8446974735256108, "vCarbonSources": -13.21, "yield": 0.28009956303966976}, "rsvtol": {"vprod": 3.9690927900975126, "vCarbonSources": -13.21, "yield": 0.38065493311123644}}