{"13ppd": {"vCarbonSources": -13.21, "carbonSlack": 0.0, "vprod": 10.33377596184721, "yield": 0.3303962257594239}, "2phetoh": {"vCarbonSources": -13.21, "carbonSlack": 0.0, "vprod": 3.765885265022023, "yield": 0.19330565540107073}, "3hppa": {"vCarbonSources": -13.21, "carbonSlack": 0.0, "vprod": 4.789907146773598, "yield": 0.18130255476852591}, "3hppb": {"vCarbonSources": -13.21, "carbonSlack": 0.0, "vprod": 8.273785303549822, "yield": 0.31317066639804925}, "4hbz": {"vCarbonSources": -13.21, "carbonSlack": 0.0, "vprod": 3.201832471428046, "yield": 0.18446593915750745}, "arte": {"vCarbonSources": -13.21, "carbonSlack": 0.0, "vprod": 1.268715469421109, "yield": 0.12492247485497784}, "btd": {"vCarbonSources": -13.21, "carbonSlack": 0.0, "vprod": 12.86101832859704, "yield": 0.48701797653622614}, "btoh": {"vCarbonSources": -13.21, "carbonSlack": 0.0, "vprod": 8.787635674310746, "yield": 0.2736880943320031}, "citm": {"vCarbonSources": -13.21, "carbonSlack": 0.0, "vprod": 4.983742289914693, "yield": 0.3059526678176485}, "cou": {"vCarbonSources": -13.21, "carbonSlack": 0.0, "vprod": 3.087637525036586, "yield": 0.21167123332447357}, "hdca": {"vCarbonSources": -13.21, "carbonSlack": 0.0, "vprod": 0.716460988511337, "yield": 0.07718964089911999}, "hxdcol": {"vCarbonSources": -13.21, "carbonSlack": 0.0, "vprod": 0.728351265847033, "yield": 0.07419824044325798}, "ibutoh": {"vCarbonSources": -13.21, "carbonSlack": 0.0, "vprod": 12.364242488983567, "yield": 0.3850803663334749}, "lac__L": {"vCarbonSources": -13.21, "carbonSlack": 0.0, "vprod": 21.15294223104726, "yield": 0.7916818480251674}, "muco": {"vCarbonSources": -13.21, "carbonSlack": 0.0, "vprod": 4.807363077610059, "yield": 0.2829844102065842}, "nrgn": {"vCarbonSources": -13.21, "carbonSlack": 0.0, "vprod": 1.076923189865303, "yield": 0.123197265726096}, "odealc": {"vCarbonSources": -0.332925, "carbonSlack": 0.0, "vprod": 0.100790276286722, "yield": 0.23747291550944516}, "pmtalc": {"vCarbonSources": -0.332925, "carbonSlack": 0.0, "vprod": 0.115079869491406, "yield": 0.24482445393762256}, "polyhb": {"vCarbonSources": -13.21, "carbonSlack": 0.0, "vprod": 4.768759915832044, "yield": 0.206591560139125}, "retcln": {"vCarbonSources": -13.21, "carbonSlack": 0.0, "vprod": 0.491956789050074, "yield": 0.06809245693562944}, "rsvtol": {"vCarbonSources": -13.21, "carbonSlack": 0.0, "vprod": 1.076926979514509, "yield": 0.10328243481118264}, "sesqt": {"vCarbonSources": -13.21, "carbonSlack": 0.0, "vprod": 1.32388456056834, "yield": 0.1370133802567433}, "skm": {"vCarbonSources": -13.21, "carbonSlack": 0.0, "vprod": 4.563412132168388, "yield": 0.3339347562573891}, "stalc": {"vCarbonSources": -0.332925, "carbonSlack": 0.0, "vprod": 0.102247504860163, "yield": 0.24270076579770536}, "styr": {"vCarbonSources": -13.21, "carbonSlack": 0.0, "vprod": 2.989826998793612, "yield": 0.13084399186629503}, "tag": {"vCarbonSources": -2.201133727157571, "carbonSlack": 0.0, "vprod": 0.059079127950008, "yield": 0.12280739135604525}, "tal": {"vprod": "", "vCarbonSources": "", "yield": ""}}