{"arte": {"vprod": 2.8446976702455937, "vCarbonSources": -13.21, "yield": 0.28009958240945576, "misc": {}}, "skm": {"vprod": 9.725652288380664, "vCarbonSources": -13.21, "yield": 0.7116896813834993, "misc": {}}, "lac__L": {"vprod": 24.246591468948676, "vCarbonSources": -13.21, "yield": 0.9074664948630266, "misc": {}}, "sesqt": {"vprod": 2.9574670152297453, "vCarbonSources": -13.21, "yield": 0.30607846395647376, "misc": {}}, "styr": {"vprod": 6.766253948281869, "vCarbonSources": -13.21, "yield": 0.2961120081300709, "misc": {}}, "nrgn": {"vprod": 3.9690930619215257, "vCarbonSources": -13.21, "yield": 0.4540541212621765, "misc": {}}, "odealc": {"vprod": 0.09996363266789167, "vCarbonSources": -0.332925, "yield": 0.2355252527240741, "misc": {"yield on minimal media at 1.0% exp. growth": 0.077778472956246, "yield on minimal media at 0.0% exp. growth": 0.074424857480135}}, "retcln": {"vprod": 2.511143887422177, "vCarbonSources": -13.21, "yield": 0.34757108920812035, "misc": {}}, "hdca": {"vprod": 2.761960154328127, "vCarbonSources": -13.21, "yield": 0.2975663935774678, "misc": {}}, "tag": {"vprod": 0.13084231182821973, "vCarbonSources": -2.20113372715757, "yield": 0.2719810456277346, "misc": {"yield on minimal media at 1.0% exp. growth": 0.189023482934108, "yield on minimal media at 0.0% exp. growth": 0.319626121189274}}, "polyhb": {"vprod": 12.489371088802292, "vCarbonSources": -13.21, "yield": 0.5410628137990376, "misc": {}}, "tal": {"vprod": 0.007105611207608455, "vCarbonSources": -0.078476895921783, "yield": 0.06718413215330893}, "cou": {"vprod": 7.096204221127857, "vCarbonSources": -13.21, "yield": 0.4864762418608935, "misc": {}}, "13ppd": {"vprod": 17.813822104738165, "vCarbonSources": -13.21, "yield": 0.5695516925744543, "misc": {}}, "4hbz": {"vprod": 9.055951924829568, "vCarbonSources": -13.21, "yield": 0.521737065160645, "misc": {}}, "2phetoh": {"vprod": 6.9413700447885684, "vCarbonSources": -13.21, "yield": 0.35630562044788344, "misc": {}}, "3hpp": {"vprod": 0.0, "vCarbonSources": -13.21, "yield": 0.0}, "btoh": {"vprod": 11.197872949986643, "vCarbonSources": -13.21, "yield": 0.34875416116908037, "misc": {}}, "muco": {"vprod": 10.422415320981083, "vCarbonSources": -13.21, "yield": 0.6135132722286827, "misc": {}}, "3hppb": {"vprod": 22.340892494308253, "vCarbonSources": -13.21, "yield": 0.8456240926831734, "misc": {}}, "hxdcol": {"vprod": 2.6771774172046046, "vCarbonSources": -13.21, "yield": 0.27272809566685924, "misc": {}}, "3hppa": {"vprod": 20.066144439819645, "vCarbonSources": -13.21, "yield": 0.7595227088575357, "misc": {}}, "stalc": {"vprod": 0.10139557856558863, "vCarbonSources": -0.332925, "yield": 0.24067858281750285, "misc": {"yield on minimal media at 1.0% exp. growth": 0.118820778153617, "yield on minimal media at 0.0% exp. growth": 0.119709007546808}}, "pmtalc": {"vprod": 0.11416737187185401, "vCarbonSources": -0.332925, "yield": 0.24288317843554288, "misc": {"yield on minimal media at 1.0% exp. growth": 0.120200493364368, "yield on minimal media at 0.0% exp. growth": 0.121099036640563}}, "rsvtol": {"vprod": 3.96909303424228, "vCarbonSources": -13.21, "yield": 0.3806549565258843, "misc": {}}, "ibutoh": {"vprod": 12.523853802600103, "vCarbonSources": -13.21, "yield": 0.39005140949873035, "misc": {}}, "btd": {"vprod": 12.894437844666795, "vCarbonSources": -13.21, "yield": 0.488283498804935, "misc": {}}, "citm": {"vprod": 12.489371088802088, "vCarbonSources": -13.21, "yield": 0.7667243171293706, "misc": {}}}