{"sesqt": {"vprod": 2.9574671137804853, "vCarbonSources": -13.21, "yield": 0.30607847415582984, "misc": {}}, "btd": {"vprod": 12.894438008172658, "vCarbonSources": -13.21, "yield": 0.488283504996536, "misc": {}}, "btoh": {"vprod": 11.197873403813837, "vCarbonSources": -13.21, "yield": 0.3487541753033827, "misc": {}}, "3hpp": {"vprod": 0.0, "vCarbonSources": -13.21, "yield": 0.0}, "polyhb": {"vprod": 12.48937153880215, "vCarbonSources": -13.21, "yield": 0.5410628332938695, "misc": {}}, "styr": {"vprod": 6.766253948281854, "vCarbonSources": -13.21, "yield": 0.2961120081300702, "misc": {}}, "tag": {"vprod": 0.13084232849631247, "vCarbonSources": -2.20113372715757, "yield": 0.2719810802755884, "misc": {"yield on minimal media at 1.0% exp. growth": 0.189023482934108, "yield on minimal media at 0.0% exp. growth": 0.319626121189274}}, "hdca": {"vprod": 2.7619601616363827, "vCarbonSources": -13.21, "yield": 0.2975663943648403, "misc": {}}, "2phetoh": {"vprod": 6.941370125627985, "vCarbonSources": -13.21, "yield": 0.3563056245974301, "misc": {}}, "ibutoh": {"vprod": 12.523853802600183, "vCarbonSources": -13.21, "yield": 0.39005140949873285, "misc": {}}, "odealc": {"vprod": 0.09996363389292853, "vCarbonSources": -0.332925, "yield": 0.23552525561039497, "misc": {"yield on minimal media at 1.0% exp. growth": 0.077778472956246, "yield on minimal media at 0.0% exp. growth": 0.074424857480135}}, "tal": {"vprod": 0.007105612009973482, "vCarbonSources": -0.078476895921783, "yield": 0.06718413973973555}, "stalc": {"vprod": 0.10139558226383405, "vCarbonSources": -0.332925, "yield": 0.24067859159587837, "misc": {"yield on minimal media at 1.0% exp. growth": 0.118820778153617, "yield on minimal media at 0.0% exp. growth": 0.119709007546808}}, "retcln": {"vprod": 2.5111438951236646, "vCarbonSources": -13.21, "yield": 0.3475710902740945, "misc": {}}, "nrgn": {"vprod": 3.9690930631012034, "vCarbonSources": -13.21, "yield": 0.45405412139712853, "misc": {}}, "lac__L": {"vprod": 24.24659146894892, "vCarbonSources": -13.21, "yield": 0.9074664948630357, "misc": {}}, "3hppb": {"vprod": 22.34089268642791, "vCarbonSources": -13.21, "yield": 0.8456240999550857, "misc": {}}, "4hbz": {"vprod": 9.055952018579516, "vCarbonSources": -13.21, "yield": 0.5217370705618246, "misc": {}}, "13ppd": {"vprod": 17.81382230371743, "vCarbonSources": -13.21, "yield": 0.5695516989363105, "misc": {}}, "citm": {"vprod": 12.489371088802123, "vCarbonSources": -13.21, "yield": 0.7667243171293728, "misc": {}}, "cou": {"vprod": 7.096204298631618, "vCarbonSources": -13.21, "yield": 0.48647624717411975, "misc": {}}, "hxdcol": {"vprod": 2.677177440227001, "vCarbonSources": -13.21, "yield": 0.2727280980121854, "misc": {}}, "pmtalc": {"vprod": 0.11416737586570952, "vCarbonSources": -0.332925, "yield": 0.24288318693219393, "misc": {"yield on minimal media at 1.0% exp. growth": 0.120200493364368, "yield on minimal media at 0.0% exp. growth": 0.121099036640563}}, "rsvtol": {"vprod": 3.969093061921534, "vCarbonSources": -13.21, "yield": 0.38065495918045683, "misc": {}}, "arte": {"vprod": 2.8446976702456124, "vCarbonSources": -13.21, "yield": 0.2800995824094576, "misc": {}}, "skm": {"vprod": 9.725652288380617, "vCarbonSources": -13.21, "yield": 0.711689681383496, "misc": {}}, "muco": {"vprod": 10.422415437398914, "vCarbonSources": -13.21, "yield": 0.6135132790815938, "misc": {}}, "3hppa": {"vprod": 20.066144663957843, "vCarbonSources": -13.21, "yield": 0.7595227173413802, "misc": {}}}