{"citm": {"vprod": 12.48937108880217, "vCarbonSources": -13.21, "yield": 0.7667243171293756, "misc": {}}, "retcln": {"vprod": 2.511143877685606, "vCarbonSources": -13.21, "yield": 0.34757108786046736, "misc": {}}, "btd": {"vprod": 12.894437850115217, "vCarbonSources": -13.21, "yield": 0.4882834990112545, "misc": {}}, "polyhb": {"vprod": 12.489371088802136, "vCarbonSources": -13.21, "yield": 0.5410628137990309, "misc": {}}, "arte": {"vprod": 2.844697657836357, "vCarbonSources": -13.21, "yield": 0.28009958118759587, "misc": {}}, "ibutoh": {"vprod": 12.523853802600089, "vCarbonSources": -13.21, "yield": 0.39005140949872996, "misc": {}}, "lac__L": {"vprod": 24.246591258767424, "vCarbonSources": -13.21, "yield": 0.9074664869966653, "misc": {}}, "hxdcol": {"vprod": 2.6771774223603386, "vCarbonSources": -13.21, "yield": 0.2727280961920816, "misc": {}}, "3hppa": {"vprod": 20.066144490013777, "vCarbonSources": -13.21, "yield": 0.7595227107574315, "misc": {}}, "nrgn": {"vprod": 3.969093040440947, "vCarbonSources": -13.21, "yield": 0.4540541188048531, "misc": {}}, "3hppb": {"vprod": 22.340892537332444, "vCarbonSources": -13.21, "yield": 0.8456240943116801, "misc": {}}, "hdca": {"vprod": 2.7619601439749375, "vCarbonSources": -13.21, "yield": 0.29756639246204214, "misc": {}}, "btoh": {"vprod": 11.197872974678065, "vCarbonSources": -13.21, "yield": 0.3487541619380868, "misc": {}}, "muco": {"vprod": 10.422415350831832, "vCarbonSources": -13.21, "yield": 0.6135132739858409, "misc": {}}, "cou": {"vprod": 7.096204240677997, "vCarbonSources": -13.21, "yield": 0.48647624320114224, "misc": {}}, "styr": {"vprod": 6.766253892867832, "vCarbonSources": -13.21, "yield": 0.2961120057049828, "misc": {}}, "2phetoh": {"vprod": 6.94137006466926, "vCarbonSources": -13.21, "yield": 0.35630562146837397, "misc": {}}, "sesqt": {"vprod": 2.9574670028682752, "vCarbonSources": -13.21, "yield": 0.3060784626771426, "misc": {}}, "tag": {"vprod": 0.13084232633150167, "vCarbonSources": -2.20113372715757, "yield": 0.27198107577561054, "misc": {"yield on minimal media at 1.0% exp. growth": 0.189023482934108, "yield on minimal media at 0.0% exp. growth": 0.319626121189274}}, "tal": {"vprod": 0.007105612027473721, "vCarbonSources": -0.078476895921783, "yield": 0.06718413990520174}, "4hbz": {"vprod": 9.055951945825333, "vCarbonSources": -13.21, "yield": 0.521737066370266, "misc": {}}, "stalc": {"vprod": 0.10139557936021326, "vCarbonSources": -0.332925, "yield": 0.24067858470367115}, "odealc": {"vprod": 0.09996363102997334, "vCarbonSources": -0.332925, "yield": 0.23552524886495932}, "skm": {"vprod": 9.725652204072677, "vCarbonSources": -13.21, "yield": 0.7116896752141317, "misc": {}}, "13ppd": {"vprod": 17.81382214929636, "vCarbonSources": -13.21, "yield": 0.5695516939990893, "misc": {}}, "pmtalc": {"vprod": 0.11416737276594499, "vCarbonSources": -0.332925, "yield": 0.24288318033765952}, "rsvtol": {"vprod": 3.9690930404404514, "vCarbonSources": -13.21, "yield": 0.38065495712031855, "misc": {}}, "3hpp": {"vprod": 0.0, "vCarbonSources": -13.21, "yield": 0.0}}