{"nrgn": {"vprod": 3.969093042076502, "vCarbonSources": -13.21, "yield": 0.4540541189919563, "misc": {"yield on minimal media at 1.0% exp. growth": "UNDF"}}, "hxdcol": {"vprod": 0.9874314782806415, "vCarbonSources": -5.550717505065707, "yield": 0.23939406952055636, "misc": {"yield on minimal media at 1.0% exp. growth": "UNDF"}}, "lac__L": {"vprod": 8.860211570646928, "vCarbonSources": -5.516810175715775, "yield": 0.7940334043275107, "misc": {"yield on minimal media at 1.0% exp. growth": "UNDF"}}, "3hppa": {"vprod": 7.379942361103544, "vCarbonSources": -5.545419566892341, "yield": 0.6654236103138855, "misc": {"yield on minimal media at 1.0% exp. growth": "UNDF"}}, "odealc": {"vprod": 0.09996364001457181, "vCarbonSources": -0.332925, "yield": 0.23552527003365606, "misc": {"yield on minimal media at 1.0% exp. growth": 0.135358218584754, "yield on minimal media at 0.0% exp. growth": 0.135743300793755}}, "styr": {"vprod": 2.4915497796613915, "vCarbonSources": -5.550731080009665, "yield": 0.2594955560978293, "misc": {"yield on minimal media at 1.0% exp. growth": "UNDF"}}, "tag": {"vprod": 0.13084233373951282, "vCarbonSources": -2.20113372715757, "yield": 0.2719810911745942, "misc": {"yield on minimal media at 1.0% exp. growth": "UNDF"}}, "polyhb": {"vprod": 4.8266331155732445, "vCarbonSources": -5.547262026771106, "yield": 0.49793831173644365, "misc": {"yield on minimal media at 1.0% exp. growth": "UNDF"}}, "rsvtol": {"vprod": 1.465955759336204, "vCarbonSources": -5.550743282537632, "yield": 0.33458984060967545, "misc": {"yield on minimal media at 1.0% exp. growth": "UNDF"}}, "ibutoh": {"vprod": 4.68640372837228, "vCarbonSources": -5.549184128068436, "yield": 0.3474539429141642, "misc": {"yield on minimal media at 1.0% exp. growth": "UNDF"}}, "skm": {"vprod": 9.725652187360838, "vCarbonSources": -13.21, "yield": 0.7116896739912171, "misc": {"yield on minimal media at 1.0% exp. growth": "UNDF"}}, "arte": {"vprod": 2.844697655376329, "vCarbonSources": -13.21, "yield": 0.2800995809453723, "misc": {"yield on minimal media at 1.0% exp. growth": "UNDF"}}, "3hpp": {"vprod": 0.0, "vCarbonSources": -5.550744909966918, "yield": 0.0}, "sesqt": {"vprod": 1.1161070880932331, "vCarbonSources": -5.550726324289684, "yield": 0.2748980962445054, "misc": {"yield on minimal media at 1.0% exp. growth": "UNDF"}}, "cou": {"vprod": 2.6118239322819092, "vCarbonSources": -5.548570274707247, "yield": 0.4262860821805087, "misc": {"yield on minimal media at 1.0% exp. growth": "UNDF"}}, "muco": {"vprod": 3.8364607704513154, "vCarbonSources": -5.549254244910345, "yield": 0.5375941614562846, "misc": {"yield on minimal media at 1.0% exp. growth": "UNDF"}}, "tal": {"vprod": 0.007105612999394498, "vCarbonSources": -0.078476895921783, "yield": 0.06718414909479177}, "13ppd": {"vprod": 17.81382211868563, "vCarbonSources": -13.21, "yield": 0.569551693020389, "misc": {"yield on minimal media at 1.0% exp. growth": "UNDF"}}, "hdca": {"vprod": 1.016994536421403, "vCarbonSources": -5.5501804022422645, "yield": 0.26078392072070383, "misc": {"yield on minimal media at 1.0% exp. growth": "UNDF"}}, "btd": {"vprod": 5.008732116108107, "vCarbonSources": -5.547686668594033, "yield": 0.4516357717891071, "misc": {"yield on minimal media at 1.0% exp. growth": "UNDF"}}, "4hbz": {"vprod": 3.3547285289072923, "vCarbonSources": -5.5494414230054865, "yield": 0.4600748684385398, "misc": {"yield on minimal media at 1.0% exp. growth": "UNDF"}}, "3hppb": {"vprod": 8.294245459149213, "vCarbonSources": -5.544759808667549, "yield": 0.7479521117530147, "misc": {"yield on minimal media at 1.0% exp. growth": "UNDF"}}, "stalc": {"vprod": 0.10139558847316912, "vCarbonSources": -0.332925, "yield": 0.24067860633472582, "misc": {"yield on minimal media at 1.0% exp. growth": 0.15276519020913, "yield on minimal media at 0.0% exp. growth": 0.153175639705909}}, "pmtalc": {"vprod": 0.11416738302739408, "vCarbonSources": -0.332925, "yield": 0.24288320216818193, "misc": {"yield on minimal media at 1.0% exp. growth": 0.148477553061659, "yield on minimal media at 0.0% exp. growth": 0.148839083264092}}, "btoh": {"vprod": 4.161856555785725, "vCarbonSources": -5.549820853803197, "yield": 0.30852816991430204, "misc": {"yield on minimal media at 1.0% exp. growth": "UNDF"}}, "2phetoh": {"vprod": 2.5553019381097966, "vCarbonSources": -5.549610203628807, "yield": 0.3122195099690078, "misc": {"yield on minimal media at 1.0% exp. growth": "UNDF"}}, "retcln": {"vprod": 2.511143874209327, "vCarbonSources": -13.21, "yield": 0.3475710873793104, "misc": {"yield on minimal media at 1.0% exp. growth": "UNDF"}}, "citm": {"vprod": 12.489371088802155, "vCarbonSources": -13.21, "yield": 0.7667243171293747, "misc": {"yield on minimal media at 1.0% exp. growth": "UNDF"}}}