{"13ppd": {"vCarbonSources": -13.21, "carbonSlack": 0.0, "vprod": 10.335949104607826, "yield": 0.330465706476714}, "2phetoh": {"vCarbonSources": -13.21, "carbonSlack": 0.0, "vprod": 3.766823882528126, "yield": 0.19335383532675074}, "3hppa": {"vCarbonSources": -13.21, "carbonSlack": 0.0, "vprod": 4.791077807930754, "yield": 0.18134686541005965}, "3hppb": {"vCarbonSources": -13.21, "carbonSlack": 0.0, "vprod": 8.275594561880407, "yield": 0.3132391485517779}, "4hbz": {"vCarbonSources": -13.21, "carbonSlack": 0.0, "vprod": 3.202635267542847, "yield": 0.18451219034041294}, "arte": {"vCarbonSources": -13.21, "carbonSlack": 0.0, "vprod": 1.26906454502506, "yield": 0.12495684614578978}, "btd": {"vCarbonSources": -13.21, "carbonSlack": 0.0, "vprod": 12.861045135425362, "yield": 0.4870189916508114}, "btoh": {"vCarbonSources": -13.21, "carbonSlack": 0.0, "vprod": 8.788049471121706, "yield": 0.2737009819009499}, "citm": {"vCarbonSources": -13.21, "carbonSlack": 0.0, "vprod": 4.98485860343459, "yield": 0.3060211984678438}, "cou": {"vCarbonSources": -13.21, "carbonSlack": 0.0, "vprod": 3.088405909928811, "yield": 0.21172390951346476}, "hdca": {"vCarbonSources": -13.21, "carbonSlack": 0.0, "vprod": 0.716647387847187, "yield": 0.07720972307809248}, "hxdcol": {"vCarbonSources": -13.21, "carbonSlack": 0.0, "vprod": 0.728545066263168, "yield": 0.0742179831835382}, "ibutoh": {"vCarbonSources": -13.21, "carbonSlack": 0.0, "vprod": 12.36449516216495, "yield": 0.385088235758661}, "lac__L": {"vCarbonSources": -13.21, "carbonSlack": 0.0, "vprod": 21.157809618728685, "yield": 0.7918640175991489}, "muco": {"vCarbonSources": -13.21, "carbonSlack": 0.0, "vprod": 4.808491230001707, "yield": 0.28305081865837356}, "nrgn": {"vCarbonSources": -13.21, "carbonSlack": 0.0, "vprod": 1.077155928499726, "yield": 0.12322389043216564}, "odealc": {"yield on minimal media at 1.0% exp. growth": 0.0, "yield on minimal media at 0.0% exp. growth": 0.17825929777753, "vCarbonSources": -0.332925, "carbonSlack": 0.0, "vprod": 0.100792269927017, "yield": 0.23747761274404727}, "pmtalc": {"yield on minimal media at 1.0% exp. growth": 8.3935999e-08, "yield on minimal media at 0.0% exp. growth": 0.179615127184338, "vCarbonSources": -0.332925, "carbonSlack": 0.0, "vprod": 0.115082140347757, "yield": 0.2448292850272698}, "polyhb": {"vCarbonSources": -13.21, "carbonSlack": 0.0, "vprod": 4.769949252897912, "yield": 0.2066430844356519}, "retcln": {"vCarbonSources": -13.21, "carbonSlack": 0.0, "vprod": 0.492166192311695, "yield": 0.06812144074658903}, "rsvtol": {"vCarbonSources": -13.21, "carbonSlack": 0.0, "vprod": 1.077170959236482, "yield": 0.1033058336304241}, "sesqt": {"vCarbonSources": -13.21, "carbonSlack": 0.0, "vprod": 1.324232449482202, "yield": 0.13704938448057202}, "skm": {"vCarbonSources": -13.21, "carbonSlack": 0.0, "vprod": 4.564520517187828, "yield": 0.3340158640492313}, "stalc": {"yield on minimal media at 1.0% exp. growth": 8.4755588e-08, "yield on minimal media at 0.0% exp. growth": 0.000303167292057, "vCarbonSources": -0.332925, "carbonSlack": 0.0, "vprod": 0.102250323106358, "yield": 0.24270745535468446}, "styr": {"vCarbonSources": -13.21, "carbonSlack": 0.0, "vprod": 2.990606801680859, "yield": 0.13087811843036626}, "tag": {"yield on minimal media at 1.0% exp. growth": 0.0, "yield on minimal media at 0.0% exp. growth": 0.155546644922741, "vCarbonSources": -2.201133727157571, "carbonSlack": 0.0, "vprod": 0.059085188168694, "yield": 0.12281998869242614}, "tal": {"vprod": "", "vCarbonSources": "", "yield": ""}}