{"13ppd": {"vCarbonSources": -13.21, "carbonSlack": 0.0, "vprod": 10.33377596184747, "yield": 0.3303962257594323}, "2phetoh": {"vCarbonSources": -13.21, "carbonSlack": 0.0, "vprod": 3.765850237785174, "yield": 0.19330385742728784}, "3hppa": {"vCarbonSources": -13.21, "carbonSlack": 0.0, "vprod": 4.789896768113398, "yield": 0.18130216192633677}, "3hppb": {"vCarbonSources": -13.21, "carbonSlack": 0.0, "vprod": 8.273785303549536, "yield": 0.3131706663980384}, "4hbz": {"vCarbonSources": -13.21, "carbonSlack": 0.0, "vprod": 3.201847249820655, "yield": 0.18446679057934048}, "arte": {"vCarbonSources": -13.21, "carbonSlack": 0.0, "vprod": 1.26871546942082, "yield": 0.1249224748549494}, "btd": {"vCarbonSources": -13.21, "carbonSlack": 0.0, "vprod": 12.86101832859704, "yield": 0.48701797653622614}, "btoh": {"vCarbonSources": -13.21, "carbonSlack": 0.0, "vprod": 8.7876356743113, "yield": 0.2736880943320203}, "citm": {"vCarbonSources": -13.21, "carbonSlack": 0.0, "vprod": 4.983742289914098, "yield": 0.30595266781761205}, "cou": {"vCarbonSources": -13.21, "carbonSlack": 0.0, "vprod": 3.087637525036674, "yield": 0.21167123332447962}, "hdca": {"vCarbonSources": -13.21, "carbonSlack": 0.0, "vprod": 0.716460988511275, "yield": 0.07718964089911332}, "hxdcol": {"vCarbonSources": -13.21, "carbonSlack": 0.0, "vprod": 0.72835282365734, "yield": 0.07419839913974022}, "ibutoh": {"vCarbonSources": -13.21, "carbonSlack": 0.0, "vprod": 12.364242488983582, "yield": 0.38508036633347537}, "lac__L": {"vCarbonSources": -13.21, "carbonSlack": 0.0, "vprod": 21.152942231045692, "yield": 0.7916818480251087}, "muco": {"vCarbonSources": -13.21, "carbonSlack": 0.0, "vprod": 4.807363077609868, "yield": 0.28298441020657294}, "nrgn": {"vCarbonSources": -13.21, "carbonSlack": 0.0, "vprod": 1.076926979514566, "yield": 0.1231976992523044}, "odealc": {"vprod": "", "vCarbonSources": "", "yield": ""}, "pmtalc": {"vprod": "", "vCarbonSources": "", "yield": ""}, "polyhb": {"vCarbonSources": -13.21, "carbonSlack": 0.0, "vprod": 4.768759915832433, "yield": 0.20659156013914187}, "retcln": {"vCarbonSources": -13.21, "carbonSlack": 0.0, "vprod": 0.49195678905012, "yield": 0.06809245693563581}, "rsvtol": {"vCarbonSources": -13.21, "carbonSlack": 0.0, "vprod": 1.076926979514542, "yield": 0.10328243481118578}, "sesqt": {"vCarbonSources": -13.21, "carbonSlack": 0.0, "vprod": 1.323884560568239, "yield": 0.13701338025673285}, "skm": {"vCarbonSources": -13.21, "carbonSlack": 0.0, "vprod": 4.563412132168618, "yield": 0.33393475625740593}, "stalc": {"vprod": "", "vCarbonSources": "", "yield": ""}, "styr": {"vCarbonSources": -13.21, "carbonSlack": 0.0, "vprod": 2.989848416694203, "yield": 0.13084492917926058}, "tag": {"yield on minimal media at 1.0% exp. growth": 0.0, "yield on minimal media at 0.0% exp. growth": 0.155546644922741, "vCarbonSources": -2.201133727157571, "carbonSlack": 0.0, "vprod": 0.059078934933109, "yield": 0.12280699013309772}, "tal": {"vprod": "", "vCarbonSources": "", "yield": ""}}