{"stalc": {"vprod": 0.10139869897486573, "vCarbonSources": -0.332925, "yield": 0.2406859896067657, "misc": {"yield on minimal media at 1.0% exp. growth": 0.118820778153617, "yield on minimal media at 0.0% exp. growth": 0.119709007546808}}, "hdca": {"vprod": 1.0169946281819335, "vCarbonSources": -5.550180402191322, "yield": 0.26078394425289037, "misc": {}}, "2phetoh": {"vprod": 2.555302149794611, "vCarbonSources": -5.549610203534854, "yield": 0.3122195358389979, "misc": {}}, "rsvtol": {"vprod": 1.4659558800835788, "vCarbonSources": -5.550743282537491, "yield": 0.3345898681690729, "misc": {}}, "odealc": {"vprod": 0.09996683862160764, "vCarbonSources": -0.332925, "yield": 0.2355328063017005, "misc": {"yield on minimal media at 1.0% exp. growth": 0.077778472956246, "yield on minimal media at 0.0% exp. growth": 0.074424857480135}}, "btoh": {"vprod": 4.161856922388809, "vCarbonSources": -5.5498208537218, "yield": 0.3085281970959719, "misc": {}}, "hxdcol": {"vprod": 0.9874315539365099, "vCarbonSources": -5.550717505063559, "yield": 0.23939408786274835, "misc": {}}, "skm": {"vprod": 9.725652483182483, "vCarbonSources": -13.21, "yield": 0.7116896956384244, "misc": {}}, "4hbz": {"vprod": 3.354728788447814, "vCarbonSources": -5.549441422904642, "yield": 0.4600749040408597, "misc": {}}, "styr": {"vprod": 2.4915499854747085, "vCarbonSources": -5.550731080008508, "yield": 0.2594955775333938, "misc": {}}, "pmtalc": {"vprod": 0.11417103612160552, "vCarbonSources": -0.332925, "yield": 0.2428909738731678, "misc": {"yield on minimal media at 1.0% exp. growth": 0.120200493364368, "yield on minimal media at 0.0% exp. growth": 0.121099036640563}}, "cou": {"vprod": 2.6118241465280243, "vCarbonSources": -5.548570274528857, "yield": 0.4262861171621672, "misc": {}}, "13ppd": {"vprod": 17.81382266698288, "vCarbonSources": -13.21, "yield": 0.5695517105508002, "misc": {}}, "btd": {"vprod": 5.008732560944163, "vCarbonSources": -5.547686668322433, "yield": 0.4516358119219428, "misc": {}}, "polyhb": {"vprod": 4.82663356524879, "vCarbonSources": -5.547262026446624, "yield": 0.4979383581562272, "misc": {}}, "ibutoh": {"vprod": 4.686404134304864, "vCarbonSources": -5.549184127933245, "yield": 0.3474539730188147, "misc": {}}, "tag": {"vprod": 0.13084120826898663, "vCarbonSources": -2.20113372715757, "yield": 0.27197875166647745, "misc": {"yield on minimal media at 1.0% exp. growth": 0.189023482934108, "yield on minimal media at 0.0% exp. growth": 0.319626121189274}}, "citm": {"vprod": 12.489371538802121, "vCarbonSources": -13.21, "yield": 0.7667243447549384, "misc": {}}, "lac__L": {"vprod": 8.860212257892947, "vCarbonSources": -5.516810173083626, "yield": 0.7940334662958887, "misc": {}}, "retcln": {"vprod": 2.5111439387617684, "vCarbonSources": -13.21, "yield": 0.3475710963141081, "misc": {}}, "tal": {"vprod": 0.007105611591567823, "vCarbonSources": -0.078476895921783, "yield": 0.06718413578367599}, "3hpp": {"vprod": 0.0, "vCarbonSources": -1.0887796072807658, "yield": 0.0}, "nrgn": {"vprod": 3.9690931661089066, "vCarbonSources": -13.21, "yield": 0.45405413318094706, "misc": {}}, "sesqt": {"vprod": 1.1161071883728662, "vCarbonSources": -5.550726324288012, "yield": 0.2748981209435446, "misc": {}}, "arte": {"vprod": 2.8446977520824026, "vCarbonSources": -13.21, "yield": 0.28009959046741434, "misc": {}}, "3hppa": {"vprod": 7.379942976240455, "vCarbonSources": -5.54541956644846, "yield": 0.6654236658318946, "misc": {}}, "3hppb": {"vprod": 8.294246188234464, "vCarbonSources": -5.544759808141415, "yield": 0.7479521775708778, "misc": {}}, "muco": {"vprod": 3.836461087360367, "vCarbonSources": -5.549254244787249, "yield": 0.5375942058759244, "misc": {}}}