{"muco": {"vprod": 3.8364608777636104, "vCarbonSources": -5.549254244868644, "yield": 0.5375941764977421, "misc": {}}, "3hppa": {"vprod": 7.379942970720204, "vCarbonSources": -5.545419566452449, "yield": 0.6654236653336743, "misc": {}}, "btoh": {"vprod": 4.161856922388838, "vCarbonSources": -5.549820853721783, "yield": 0.30852819709597507, "misc": {}}, "3hpp": {"vprod": 0.0, "vCarbonSources": -2.6473359112026507, "yield": 0.0}, "sesqt": {"vprod": 1.116107188502733, "vCarbonSources": -5.5507263242880365, "yield": 0.2748981209755296, "misc": {}}, "polyhb": {"vprod": 4.82663356524879, "vCarbonSources": -5.547262026446624, "yield": 0.4979383581562272, "misc": {}}, "tal": {"vprod": 0.007105680059812832, "vCarbonSources": -0.078476895921783, "yield": 0.06718478315650384}, "citm": {"vprod": 12.489371088802166, "vCarbonSources": -13.21, "yield": 0.7667243171293754, "misc": {}}, "styr": {"vprod": 2.49154978025147, "vCarbonSources": -5.5507310800096565, "yield": 0.25949555615928654, "misc": {}}, "stalc": {"vprod": 0.10139883289927032, "vCarbonSources": -0.332925, "yield": 0.2406863074977069, "misc": {"yield on minimal media at 1.0% exp. growth": 0.118820778153617, "yield on minimal media at 0.0% exp. growth": 0.119709007546808}}, "tag": {"vprod": 0.1308412067177736, "vCarbonSources": -2.20113372715757, "yield": 0.2719787484419812, "misc": {"yield on minimal media at 1.0% exp. growth": 0.189023482934108, "yield on minimal media at 0.0% exp. growth": 0.319626121189274}}, "cou": {"vprod": 2.6118241480303936, "vCarbonSources": -5.548570274527612, "yield": 0.4262861174074705, "misc": {}}, "pmtalc": {"vprod": 0.11417103612160552, "vCarbonSources": -0.332925, "yield": 0.2428909738731678, "misc": {"yield on minimal media at 1.0% exp. growth": 0.120200493364368, "yield on minimal media at 0.0% exp. growth": 0.121099036640563}}, "retcln": {"vprod": 2.5111439378237743, "vCarbonSources": -13.21, "yield": 0.34757109618427895, "misc": {}}, "2phetoh": {"vprod": 2.555302146413386, "vCarbonSources": -5.549610203536402, "yield": 0.3122195354257759, "misc": {}}, "odealc": {"vprod": 0.09996683862160764, "vCarbonSources": -0.332925, "yield": 0.2355328063017005, "misc": {"yield on minimal media at 1.0% exp. growth": 0.077778472956246, "yield on minimal media at 0.0% exp. growth": 0.074424857480135}}, "arte": {"vprod": 2.844697751491924, "vCarbonSources": -13.21, "yield": 0.28009959040927357, "misc": {}}, "ibutoh": {"vprod": 4.686404129847706, "vCarbonSources": -5.549184127934729, "yield": 0.3474539726882644, "misc": {}}, "skm": {"vprod": 9.725652483182483, "vCarbonSources": -13.21, "yield": 0.7116896956384244, "misc": {}}, "nrgn": {"vprod": 3.969093165210287, "vCarbonSources": -13.21, "yield": 0.45405413307814724, "misc": {}}, "hxdcol": {"vprod": 0.9874315537026207, "vCarbonSources": -5.550717505063556, "yield": 0.23939408780604407, "misc": {}}, "lac__L": {"vprod": 8.860212302540704, "vCarbonSources": -5.516810172912661, "yield": 0.7940334703217333, "misc": {}}, "4hbz": {"vprod": 3.3547287891793998, "vCarbonSources": -5.549441422904351, "yield": 0.46007490414121516, "misc": {}}, "rsvtol": {"vprod": 1.4659558800835788, "vCarbonSources": -5.550743282537491, "yield": 0.3345898681690729, "misc": {}}, "13ppd": {"vprod": 17.81382266698288, "vCarbonSources": -13.21, "yield": 0.5695517105508002, "misc": {}}, "btd": {"vprod": 5.008732560944163, "vCarbonSources": -5.547686668322433, "yield": 0.4516358119219428, "misc": {}}, "3hppb": {"vprod": 8.294246188234464, "vCarbonSources": -5.544759808141415, "yield": 0.7479521775708778, "misc": {}}, "hdca": {"vprod": 1.0169946204297506, "vCarbonSources": -5.550180402195631, "yield": 0.2607839422648261, "misc": {}}}