{"arte": {"vCarbonSources": -13.21, "carbonSlack": 0.0, "vprod": 2.398459109383042, "yield": 0.23616126310756444}, "btd": {"vCarbonSources": -13.21, "carbonSlack": 0.0, "vprod": 12.310908784077567, "yield": 0.46618655942756515}, "skm": {"vCarbonSources": -13.21, "carbonSlack": 0.0, "vprod": 9.02122674939933, "yield": 0.6601422506785201}, "tal": {"vprod": "", "vCarbonSources": "", "yield": ""}, "lac__L": {"vCarbonSources": -13.21, "carbonSlack": 0.0, "vprod": 23.158000900483984, "yield": 0.86672429533487}, "nrgn": {"vCarbonSources": -13.21, "carbonSlack": 0.0, "vprod": 3.183054426087371, "yield": 0.3641333064806223}, "3hppa": {"vCarbonSources": -13.21, "carbonSlack": 0.0, "vprod": 15.223781663569984, "yield": 0.5762346584740462}, "2phetoh": {"vCarbonSources": -13.21, "carbonSlack": 0.0, "vprod": 6.503098170437087, "yield": 0.33380880337746927}, "hxdcol": {"vCarbonSources": -13.21, "carbonSlack": 0.0, "vprod": 2.097690532032536, "yield": 0.2136948938920141}, "styr": {"vCarbonSources": -13.21, "carbonSlack": 0.0, "vprod": 6.182032002992508, "yield": 0.27054466544154865}, "hdca": {"vCarbonSources": -13.21, "carbonSlack": 0.0, "vprod": 2.125096075944671, "yield": 0.2289523164675456}, "cou": {"vCarbonSources": -13.21, "carbonSlack": 0.0, "vprod": 6.448760769918064, "yield": 0.44209112452954263}, "13ppd": {"vCarbonSources": -13.21, "carbonSlack": 0.0, "vprod": 17.030053938199035, "yield": 0.5444926971935806}, "tag": {"yield on minimal media at 1.0% exp. growth": 0.0, "yield on minimal media at 0.0% exp. growth": 0.155546644922741, "vCarbonSources": -2.201133727157571, "carbonSlack": 0.0, "vprod": 0.125037675289547, "yield": 0.2599149861610547}, "pmtalc": {"vprod": "", "vCarbonSources": "", "yield": ""}, "3hppb": {"vCarbonSources": -13.21, "carbonSlack": 0.0, "vprod": 20.493594129949905, "yield": 0.7757020873884602}, "stalc": {"vprod": "", "vCarbonSources": "", "yield": ""}, "btoh": {"vCarbonSources": -13.21, "carbonSlack": 0.0, "vprod": 10.06059178759377, "yield": 0.31333390416355716}, "4hbz": {"vCarbonSources": -13.21, "carbonSlack": 0.0, "vprod": 7.956152383411257, "yield": 0.458374738398358}, "retcln": {"vCarbonSources": -13.21, "carbonSlack": 0.0, "vprod": 1.612900652995342, "yield": 0.22324393259741193}, "ibutoh": {"vCarbonSources": -13.21, "carbonSlack": 0.0, "vprod": 11.830219259561096, "yield": 0.36844838414776354}, "rsvtol": {"vCarbonSources": -13.21, "carbonSlack": 0.0, "vprod": 3.183054425983536, "yield": 0.3052701041999122}, "sesqt": {"vCarbonSources": -13.21, "carbonSlack": 0.0, "vprod": 2.49126643275709, "yield": 0.25782975739642483}, "polyhb": {"vCarbonSources": -13.21, "carbonSlack": 0.0, "vprod": 11.378220431936683, "yield": 0.49292569811213316}, "muco": {"vCarbonSources": -13.21, "carbonSlack": 0.0, "vprod": 9.619565848243479, "yield": 0.5662537079187897}, "odealc": {"vprod": "", "vCarbonSources": "", "yield": ""}, "citm": {"vCarbonSources": -13.21, "carbonSlack": 0.0, "vprod": 11.495083719101395, "yield": 0.7056848701353072}}