{"lac__L": {"vprod": 8.860211623681527, "vCarbonSources": -5.516810175512664, "yield": 0.7940334091095929, "misc": {}}, "btd": {"vprod": 5.008732116108107, "vCarbonSources": -5.547686668594033, "yield": 0.4516357717891071, "misc": {}}, "citm": {"vprod": 12.489371088802157, "vCarbonSources": -13.21, "yield": 0.7667243171293748, "misc": {}}, "odealc": {"vprod": 0.09996363049204143, "vCarbonSources": -0.332925, "yield": 0.23552524759753293}, "muco": {"vprod": 3.836460769542606, "vCarbonSources": -5.549254244910696, "yield": 0.5375941613289151, "misc": {}}, "pmtalc": {"vprod": 0.11416738302739309, "vCarbonSources": -0.332925, "yield": 0.24288320216817982}, "sesqt": {"vprod": 1.1161070879634334, "vCarbonSources": -5.550726324289703, "yield": 0.27489809621253475, "misc": {}}, "ibutoh": {"vprod": 4.68640372837228, "vCarbonSources": -5.549184128068436, "yield": 0.3474539429141642, "misc": {}}, "polyhb": {"vprod": 4.826633115573237, "vCarbonSources": -5.547262026771105, "yield": 0.49793831173644304, "misc": {}}, "retcln": {"vprod": 2.511143874209327, "vCarbonSources": -13.21, "yield": 0.3475710873793104, "misc": {}}, "stalc": {"vprod": 0.10139557881423322, "vCarbonSources": -0.332925, "yield": 0.24067858340770043}, "rsvtol": {"vprod": 1.4659557589889922, "vCarbonSources": -5.550743282537625, "yield": 0.3345898405304283, "misc": {}}, "styr": {"vprod": 2.4915497802515416, "vCarbonSources": -5.55073108000964, "yield": 0.25949555615929476, "misc": {}}, "tag": {"vprod": 0.13084233373951282, "vCarbonSources": -2.20113372715757, "yield": 0.2719810911745942, "misc": {"yield on minimal media at 1.0% exp. growth": 0.189023482934108, "yield on minimal media at 0.0% exp. growth": 0.319626121189274}}, "3hppb": {"vprod": 8.294245459149197, "vCarbonSources": -5.544759808667547, "yield": 0.7479521117530136, "misc": {}}, "hdca": {"vprod": 1.0169945364213926, "vCarbonSources": -5.550180402242267, "yield": 0.26078392072070095, "misc": {}}, "2phetoh": {"vprod": 2.5553019381097966, "vCarbonSources": -5.549610203628807, "yield": 0.3122195099690078, "misc": {}}, "nrgn": {"vprod": 3.9690930361825236, "vCarbonSources": -13.21, "yield": 0.45405411831770026, "misc": {}}, "3hpp": {"vprod": 0.0, "vCarbonSources": -5.550744909966918, "yield": 0.0}, "skm": {"vprod": 9.725652187360838, "vCarbonSources": -13.21, "yield": 0.7116896739912171, "misc": {}}, "btoh": {"vprod": 4.161856555785656, "vCarbonSources": -5.549820853803196, "yield": 0.30852816991429693, "misc": {}}, "arte": {"vprod": 2.844697655376507, "vCarbonSources": -13.21, "yield": 0.2800995809453898, "misc": {}}, "13ppd": {"vprod": 17.813822118686357, "vCarbonSources": -13.21, "yield": 0.5695516930204122, "misc": {}}, "3hppa": {"vprod": 7.3799423593554705, "vCarbonSources": -5.5454195668936075, "yield": 0.665423610156116, "misc": {}}, "hxdcol": {"vprod": 0.9874314723701774, "vCarbonSources": -5.550717505065815, "yield": 0.23939406808761174, "misc": {}}, "4hbz": {"vprod": 3.3547285289072923, "vCarbonSources": -5.5494414230054865, "yield": 0.4600748684385398, "misc": {}}, "tal": {"vprod": 0.007105612999394498, "vCarbonSources": -0.078476895921783, "yield": 0.06718414909479177}, "cou": {"vprod": 2.6118239316903367, "vCarbonSources": -5.5485702747077355, "yield": 0.42628608208391827, "misc": {}}}