{"13ppd": {"vCarbonSources": -13.21, "carbonSlack": 0.0, "vprod": 7.756955448310306, "yield": 0.24800893816238695}, "2phetoh": {"vCarbonSources": -13.21, "carbonSlack": 0.0, "vprod": 2.366113549467806, "yield": 0.12145434559078454}, "3hppa": {"vCarbonSources": -13.21, "carbonSlack": 0.0, "vprod": 2.913912127348879, "yield": 0.1102943537047886}, "3hppb": {"vCarbonSources": -13.21, "carbonSlack": 0.0, "vprod": 2.438357979386889, "yield": 0.09229417555637622}, "4hbz": {"vCarbonSources": -13.21, "carbonSlack": 0.0, "vprod": 2.051648439733287, "yield": 0.1182008301913558}, "arte": {"vCarbonSources": -13.21, "carbonSlack": 0.0, "vprod": 0.351055688038604, "yield": 0.034566257304097944}, "btd": {"vCarbonSources": -13.21, "carbonSlack": 0.0, "vprod": 5.648164342623534, "yield": 0.21388334103934423}, "btoh": {"vCarbonSources": -13.21, "carbonSlack": 0.0, "vprod": 2.275535383096211, "yield": 0.07087081960000514}, "citm": {"vCarbonSources": -13.21, "carbonSlack": 0.0, "vprod": 1.874347601854208, "yield": 0.11506647331371596}, "cou": {"vCarbonSources": -13.21, "carbonSlack": 0.0, "vprod": 1.668005661882461, "yield": 0.11434917887218055}, "hdca": {"vCarbonSources": -13.21, "carbonSlack": 0.0, "vprod": 0.390772826734998, "yield": 0.04210084659526613}, "hxdcol": {"vCarbonSources": -13.21, "carbonSlack": 0.0, "vprod": 0.415952454031957, "yield": 0.04237370297055012}, "ibutoh": {"vCarbonSources": -13.21, "carbonSlack": 0.0, "vprod": 12.62906481237756, "yield": 0.39332817265049774}, "lac__L": {"vCarbonSources": -13.21, "carbonSlack": 0.0, "vprod": 23.768135990793287, "yield": 0.8895595525092643}, "muco": {"vCarbonSources": -13.21, "carbonSlack": 0.0, "vprod": 2.51068230883148, "yield": 0.14779078278688962}, "nrgn": {"vCarbonSources": -13.21, "carbonSlack": 0.0, "vprod": 0.50938083632038, "yield": 0.05827186826183203}, "odealc": {"vprod": "", "vCarbonSources": "", "yield": ""}, "pmtalc": {"vprod": "", "vCarbonSources": "", "yield": ""}, "polyhb": {"vCarbonSources": -13.21, "carbonSlack": 0.0, "vprod": 1.857095768992296, "yield": 0.08045284707459344}, "retcln": {"vCarbonSources": -13.21, "carbonSlack": 0.0, "vprod": 0.352280371508309, "yield": 0.04875964019627643}, "rsvtol": {"vCarbonSources": -13.21, "carbonSlack": 0.0, "vprod": 0.509380293003754, "yield": 0.04885200009565972}, "sesqt": {"vCarbonSources": -13.21, "carbonSlack": 0.0, "vprod": 0.335223636779108, "yield": 0.03469345061124261}, "skm": {"vCarbonSources": -13.21, "carbonSlack": 0.0, "vprod": 2.821654564801743, "yield": 0.20647894646585271}, "stalc": {"vprod": "", "vCarbonSources": "", "yield": ""}, "styr": {"vCarbonSources": -13.21, "carbonSlack": 0.0, "vprod": 1.803757874744702, "yield": 0.07893797225962948}, "tag": {"vCarbonSources": -2.201133727157571, "carbonSlack": 0.0, "vprod": 0.010909781331636, "yield": 0.0226780900817768}, "tal": {"vprod": "", "vCarbonSources": "", "yield": ""}}