{"13ppd": {"vCarbonSources": -13.21, "carbonSlack": 0.0, "vprod": 17.17059674209674, "yield": 0.5489861961949997}, "2phetoh": {"vCarbonSources": -13.21, "carbonSlack": 0.0, "vprod": 6.889484287345297, "yield": 0.3536422864260771}, "3hppa": {"vCarbonSources": -13.21, "carbonSlack": 0.0, "vprod": 18.72504956312667, "yield": 0.7087609884565056}, "3hppb": {"vCarbonSources": -13.21, "carbonSlack": 0.0, "vprod": 21.472955060869666, "yield": 0.8127718328710708}, "4hbz": {"vCarbonSources": -13.21, "carbonSlack": 0.0, "vprod": 8.83180252100807, "yield": 0.508823232017749}, "arte": {"vCarbonSources": -13.21, "carbonSlack": 0.0, "vprod": 2.791763021754342, "yield": 0.27488743874565796}, "btd": {"vCarbonSources": -13.21, "carbonSlack": 0.0, "vprod": 12.928622061044393, "yield": 0.48957797856262847}, "btoh": {"vCarbonSources": -13.21, "carbonSlack": 0.0, "vprod": 11.073025021369675, "yield": 0.3448658124788445}, "citm": {"vCarbonSources": -13.21, "carbonSlack": 0.0, "vprod": 12.975125140488757, "yield": 0.7965448293812817}, "cou": {"vCarbonSources": -13.21, "carbonSlack": 0.0, "vprod": 6.98910964368044, "yield": 0.47913443405254674}, "hdca": {"vCarbonSources": -13.21, "carbonSlack": 0.0, "vprod": 2.405756968837379, "yield": 0.25918999009417}, "hxdcol": {"vCarbonSources": -13.21, "carbonSlack": 0.0, "vprod": 2.34944958547321, "yield": 0.23934196784778491}, "ibutoh": {"vCarbonSources": -13.21, "carbonSlack": 0.0, "vprod": 12.651870557425617, "yield": 0.3940384502647906}, "lac__L": {"vCarbonSources": -13.21, "carbonSlack": 0.0, "vprod": 24.41977819132126, "yield": 0.9139482780080732}, "muco": {"vCarbonSources": -13.21, "carbonSlack": 0.0, "vprod": 10.295983535384792, "yield": 0.6060708919256501}, "nrgn": {"vCarbonSources": -13.21, "carbonSlack": 0.0, "vprod": 3.766914414943378, "yield": 0.43092539979874067}, "odealc": {"yield on minimal media at 1.0% exp. growth": 0.078150819418957, "yield on minimal media at 0.0% exp. growth": 0.083075047987053, "vCarbonSources": -0.332925, "carbonSlack": 0.0, "vprod": 0.101279671632144, "yield": 0.23862598447398997}, "pmtalc": {"yield on minimal media at 1.0% exp. growth": 0.079358646518538, "yield on minimal media at 0.0% exp. growth": 0.084589254540941, "vCarbonSources": -0.332925, "carbonSlack": 0.0, "vprod": 0.115094306659107, "yield": 0.2448551680122424}, "polyhb": {"vCarbonSources": -13.21, "carbonSlack": 0.0, "vprod": 12.953870846842063, "yield": 0.561185808328306}, "retcln": {"vCarbonSources": -13.21, "carbonSlack": 0.0, "vprod": 2.118253915914056, "yield": 0.29319061502660765}, "rsvtol": {"vCarbonSources": -13.21, "carbonSlack": 0.0, "vprod": 3.766914414943367, "yield": 0.36126506244284395}, "sesqt": {"vCarbonSources": -13.21, "carbonSlack": 0.0, "vprod": 2.87984695113388, "yield": 0.2980452957526282}, "skm": {"vCarbonSources": -13.21, "carbonSlack": 0.0, "vprod": 9.609130235647122, "yield": 0.7031629995605063}, "stalc": {"yield on minimal media at 1.0% exp. growth": 0.078807086651177, "yield on minimal media at 0.0% exp. growth": 0.083715053428087, "vCarbonSources": -0.332925, "carbonSlack": 0.0, "vprod": 0.10267320883227, "yield": 0.24371124209416656}, "styr": {"vCarbonSources": -13.21, "carbonSlack": 0.0, "vprod": 6.669105194373421, "yield": 0.2918604809442683}, "tag": {"vCarbonSources": -2.201133727157571, "carbonSlack": 0.0, "vprod": 0.129267987252527, "yield": 0.26870850757585024}, "tal": {"vprod": "", "vCarbonSources": "", "yield": ""}}