{"cou": {"vprod": 2.611823947915461, "vCarbonSources": -5.5485702746942245, "yield": 0.4262860847331228, "misc": {"yield on minimal media at 1.0% exp. growth": "UNDF"}}, "hdca": {"vprod": 1.0169945364213926, "vCarbonSources": -5.550180402242267, "yield": 0.26078392072070095, "misc": {"yield on minimal media at 1.0% exp. growth": "UNDF"}}, "nrgn": {"vprod": 3.9690930361825236, "vCarbonSources": -13.21, "yield": 0.45405411831770026, "misc": {"yield on minimal media at 1.0% exp. growth": "UNDF"}}, "13ppd": {"vprod": 17.813822118686755, "vCarbonSources": -13.21, "yield": 0.5695516930204249, "misc": {"yield on minimal media at 1.0% exp. growth": "UNDF"}}, "btd": {"vprod": 5.008732115512615, "vCarbonSources": -5.547686668594402, "yield": 0.4516357717353817, "misc": {"yield on minimal media at 1.0% exp. growth": "UNDF"}}, "odealc": {"vprod": 0.09996364001457181, "vCarbonSources": -0.332925, "yield": 0.23552527003365606, "misc": {"yield on minimal media at 1.0% exp. growth": 0.135358218584754, "yield on minimal media at 0.0% exp. growth": 0.135743300793755}}, "btoh": {"vprod": 4.161856555785772, "vCarbonSources": -5.549820853803196, "yield": 0.30852816991430554, "misc": {"yield on minimal media at 1.0% exp. growth": "UNDF"}}, "hxdcol": {"vprod": 0.9874314723701774, "vCarbonSources": -5.550717505065815, "yield": 0.23939406808761174, "misc": {"yield on minimal media at 1.0% exp. growth": "UNDF"}}, "retcln": {"vprod": 2.511143874209327, "vCarbonSources": -13.21, "yield": 0.3475710873793104, "misc": {"yield on minimal media at 1.0% exp. growth": "UNDF"}}, "3hppa": {"vprod": 7.379942359355508, "vCarbonSources": -5.545419566893675, "yield": 0.6654236101561112, "misc": {"yield on minimal media at 1.0% exp. growth": "UNDF"}}, "tal": {"vprod": 0.007105612999394498, "vCarbonSources": -0.078476895921783, "yield": 0.06718414909479177}, "3hppb": {"vprod": 8.294244088547805, "vCarbonSources": -5.54475980965657, "yield": 0.7479519880225586, "misc": {"yield on minimal media at 1.0% exp. growth": "UNDF"}}, "polyhb": {"vprod": 4.826633115573237, "vCarbonSources": -5.547262026771105, "yield": 0.49793831173644304, "misc": {"yield on minimal media at 1.0% exp. growth": "UNDF"}}, "rsvtol": {"vprod": 1.465955759336204, "vCarbonSources": -5.550743282537632, "yield": 0.33458984060967545, "misc": {"yield on minimal media at 1.0% exp. growth": "UNDF"}}, "stalc": {"vprod": 0.10139558847316912, "vCarbonSources": -0.332925, "yield": 0.24067860633472582, "misc": {"yield on minimal media at 1.0% exp. growth": 0.15276519020913, "yield on minimal media at 0.0% exp. growth": 0.153175639705909}}, "pmtalc": {"vprod": 0.11416738302739408, "vCarbonSources": -0.332925, "yield": 0.24288320216818193, "misc": {"yield on minimal media at 1.0% exp. growth": 0.148477553061659, "yield on minimal media at 0.0% exp. growth": 0.148839083264092}}, "sesqt": {"vprod": 1.1161070879634338, "vCarbonSources": -5.550726324289699, "yield": 0.27489809621253497, "misc": {"yield on minimal media at 1.0% exp. growth": "UNDF"}}, "lac__L": {"vprod": 8.860211570646928, "vCarbonSources": -5.516810175715775, "yield": 0.7940334043275107, "misc": {"yield on minimal media at 1.0% exp. growth": "UNDF"}}, "2phetoh": {"vprod": 2.5553019381097966, "vCarbonSources": -5.549610203628807, "yield": 0.3122195099690078, "misc": {"yield on minimal media at 1.0% exp. growth": "UNDF"}}, "3hpp": {"vprod": 0.0, "vCarbonSources": -2.6180017576607244, "yield": 0.0}, "arte": {"vprod": 2.8446976553763172, "vCarbonSources": -13.21, "yield": 0.28009958094537113, "misc": {"yield on minimal media at 1.0% exp. growth": "UNDF"}}, "muco": {"vprod": 3.836460769542511, "vCarbonSources": -5.5492542449107, "yield": 0.5375941613289015, "misc": {"yield on minimal media at 1.0% exp. growth": "UNDF"}}, "tag": {"vprod": 0.13084233373951282, "vCarbonSources": -2.20113372715757, "yield": 0.2719810911745942, "misc": {"yield on minimal media at 1.0% exp. growth": "UNDF"}}, "styr": {"vprod": 2.4915497796614283, "vCarbonSources": -5.550731080009707, "yield": 0.25949555609783115, "misc": {"yield on minimal media at 1.0% exp. growth": "UNDF"}}, "citm": {"vprod": 12.489371088802157, "vCarbonSources": -13.21, "yield": 0.7667243171293748, "misc": {"yield on minimal media at 1.0% exp. growth": "UNDF"}}, "skm": {"vprod": 9.72565218736068, "vCarbonSources": -13.21, "yield": 0.7116896739912054, "misc": {"yield on minimal media at 1.0% exp. growth": "UNDF"}}, "ibutoh": {"vprod": 4.686403727429883, "vCarbonSources": -5.5491841280687515, "yield": 0.3474539428442743, "misc": {"yield on minimal media at 1.0% exp. growth": "UNDF"}}, "4hbz": {"vprod": 3.3547285289072923, "vCarbonSources": -5.5494414230054865, "yield": 0.4600748684385398, "misc": {"yield on minimal media at 1.0% exp. growth": "UNDF"}}}