{"tag": {"vprod": 0.13084232648079516, "vCarbonSources": -2.20113372715757, "yield": 0.27198107608594596, "misc": {"yield on minimal media at 1.0% exp. growth": "UNDF"}}, "3hppa": {"vprod": 7.37994240702563, "vCarbonSources": -5.545419566859203, "yield": 0.665423614458496, "misc": {"yield on minimal media at 1.0% exp. growth": "UNDF"}}, "retcln": {"vprod": 2.511143874209327, "vCarbonSources": -13.21, "yield": 0.3475710873793104, "misc": {"yield on minimal media at 1.0% exp. growth": "UNDF"}}, "tal": {"vprod": 0.007105612030794104, "vCarbonSources": -0.078476895921783, "yield": 0.06718413993659623}, "citm": {"vprod": 12.489371088443702, "vCarbonSources": -13.21, "yield": 0.7667243171073693, "misc": {"yield on minimal media at 1.0% exp. growth": "UNDF"}}, "rsvtol": {"vprod": 1.4659555386926078, "vCarbonSources": -5.550743282537868, "yield": 0.334589790249952, "misc": {"yield on minimal media at 1.0% exp. growth": "UNDF"}}, "muco": {"vprod": 3.8364607704513154, "vCarbonSources": -5.549254244910345, "yield": 0.5375941614562846, "misc": {"yield on minimal media at 1.0% exp. growth": "UNDF"}}, "lac__L": {"vprod": 8.860211570646928, "vCarbonSources": -5.516810175715775, "yield": 0.7940334043275107, "misc": {"yield on minimal media at 1.0% exp. growth": "UNDF"}}, "nrgn": {"vprod": 3.9690930361825236, "vCarbonSources": -13.21, "yield": 0.45405411831770026, "misc": {"yield on minimal media at 1.0% exp. growth": "UNDF"}}, "13ppd": {"vprod": 17.813822118686755, "vCarbonSources": -13.21, "yield": 0.5695516930204249, "misc": {"yield on minimal media at 1.0% exp. growth": "UNDF"}}, "arte": {"vprod": 2.8446976553763186, "vCarbonSources": -13.21, "yield": 0.28009958094537124, "misc": {"yield on minimal media at 1.0% exp. growth": "UNDF"}}, "pmtalc": {"vprod": 0.11416737215181724, "vCarbonSources": -0.332925, "yield": 0.24288317903114526, "misc": {"yield on minimal media at 1.0% exp. growth": 0.148477553061659, "yield on minimal media at 0.0% exp. growth": 0.148839083264092}}, "hdca": {"vprod": 1.0169945364213895, "vCarbonSources": -5.550180402242267, "yield": 0.26078392072070017, "misc": {"yield on minimal media at 1.0% exp. growth": "UNDF"}}, "4hbz": {"vprod": 3.3547285289072923, "vCarbonSources": -5.5494414230054865, "yield": 0.4600748684385398, "misc": {"yield on minimal media at 1.0% exp. growth": "UNDF"}}, "cou": {"vprod": 2.6118239322819092, "vCarbonSources": -5.548570274707247, "yield": 0.4262860821805087, "misc": {"yield on minimal media at 1.0% exp. growth": "UNDF"}}, "hxdcol": {"vprod": 0.9874314723701774, "vCarbonSources": -5.550717505065815, "yield": 0.23939406808761174, "misc": {"yield on minimal media at 1.0% exp. growth": "UNDF"}}, "styr": {"vprod": 2.4915497802515416, "vCarbonSources": -5.55073108000964, "yield": 0.25949555615929476, "misc": {"yield on minimal media at 1.0% exp. growth": "UNDF"}}, "2phetoh": {"vprod": 2.5553019381097966, "vCarbonSources": -5.549610203628807, "yield": 0.3122195099690078, "misc": {"yield on minimal media at 1.0% exp. growth": "UNDF"}}, "skm": {"vprod": 9.725652187360838, "vCarbonSources": -13.21, "yield": 0.7116896739912171, "misc": {"yield on minimal media at 1.0% exp. growth": "UNDF"}}, "sesqt": {"vprod": 1.1161070879633956, "vCarbonSources": -5.550726324289705, "yield": 0.2748980962125253, "misc": {"yield on minimal media at 1.0% exp. growth": "UNDF"}}, "stalc": {"vprod": 0.10139558847316912, "vCarbonSources": -0.332925, "yield": 0.24067860633472582, "misc": {"yield on minimal media at 1.0% exp. growth": 0.15276519020913, "yield on minimal media at 0.0% exp. growth": 0.153175639705909}}, "polyhb": {"vprod": 4.826633115573245, "vCarbonSources": -5.547262026771107, "yield": 0.4979383117364437, "misc": {"yield on minimal media at 1.0% exp. growth": "UNDF"}}, "btoh": {"vprod": 4.161856556537492, "vCarbonSources": -5.549820853802994, "yield": 0.3085281699700435, "misc": {"yield on minimal media at 1.0% exp. growth": "UNDF"}}, "3hppb": {"vprod": 8.294245459149213, "vCarbonSources": -5.544759808667549, "yield": 0.7479521117530147, "misc": {"yield on minimal media at 1.0% exp. growth": "UNDF"}}, "3hpp": {"vprod": 0.0, "vCarbonSources": -2.6180017576607244, "yield": 0.0}, "odealc": {"vprod": 0.09996363060557224, "vCarbonSources": -0.332925, "yield": 0.23552524786502393, "misc": {"yield on minimal media at 1.0% exp. growth": 0.135358218584754, "yield on minimal media at 0.0% exp. growth": 0.135743300793755}}, "ibutoh": {"vprod": 4.686403729059717, "vCarbonSources": -5.549184128068218, "yield": 0.34745394296514504, "misc": {"yield on minimal media at 1.0% exp. growth": "UNDF"}}, "btd": {"vprod": 5.008732116108107, "vCarbonSources": -5.547686668594033, "yield": 0.4516357717891071, "misc": {"yield on minimal media at 1.0% exp. growth": "UNDF"}}}