{"13ppd": {"vCarbonSources": -13.21, "carbonSlack": 0.0, "vprod": 17.170569060583098, "yield": 0.5489853111489464}, "2phetoh": {"vCarbonSources": -13.21, "carbonSlack": 0.0, "vprod": 6.889472249125854, "yield": 0.3536416684954351}, "3hppa": {"vCarbonSources": -13.21, "carbonSlack": 0.0, "vprod": 18.724954569743467, "yield": 0.7087573928663337}, "3hppb": {"vCarbonSources": -13.21, "carbonSlack": 0.0, "vprod": 21.472905366217, "yield": 0.8127699518810618}, "4hbz": {"vCarbonSources": -13.21, "carbonSlack": 0.0, "vprod": 8.831784502756156, "yield": 0.5088221939391515}, "arte": {"vCarbonSources": -13.21, "carbonSlack": 0.0, "vprod": 2.791757196063932, "yield": 0.27488686512637034}, "btd": {"vCarbonSources": -13.21, "carbonSlack": 0.0, "vprod": 12.928428897720863, "yield": 0.48957066389993514}, "btoh": {"vCarbonSources": -13.21, "carbonSlack": 0.0, "vprod": 11.073004605958268, "yield": 0.34486517664740474}, "citm": {"vCarbonSources": -13.21, "carbonSlack": 0.0, "vprod": 12.975094549658285, "yield": 0.7965429514057265}, "cou": {"vCarbonSources": -13.21, "carbonSlack": 0.0, "vprod": 6.98909635737823, "yield": 0.4791335232176602}, "hdca": {"vCarbonSources": -13.21, "carbonSlack": 0.0, "vprod": 2.405738948895212, "yield": 0.2591880486725334}, "hxdcol": {"vCarbonSources": -13.21, "carbonSlack": 0.0, "vprod": 2.34943231478641, "yield": 0.23934020845690876}, "ibutoh": {"vCarbonSources": -13.21, "carbonSlack": 0.0, "vprod": 12.651839449990174, "yield": 0.3940374814336918}, "lac__L": {"vCarbonSources": -13.21, "carbonSlack": 0.0, "vprod": 24.419717248589524, "yield": 0.9139459971313063}, "muco": {"vCarbonSources": -13.21, "carbonSlack": 0.0, "vprod": 10.295965098206093, "yield": 0.6060698066250277}, "nrgn": {"vCarbonSources": -13.21, "carbonSlack": 0.0, "vprod": 3.766897846467241, "yield": 0.4309235044073361}, "odealc": {"yield on minimal media at 1.0% exp. growth": 0.078150819418957, "yield on minimal media at 0.0% exp. growth": 0.083075047987053, "vCarbonSources": -0.332925, "carbonSlack": 0.0, "vprod": 0.101240364552626, "yield": 0.23853337269518354}, "pmtalc": {"yield on minimal media at 1.0% exp. growth": 0.079358646518538, "yield on minimal media at 0.0% exp. growth": 0.084589254540941, "vCarbonSources": -0.332925, "carbonSlack": 0.0, "vprod": 0.115045185448028, "yield": 0.24475066603694198}, "polyhb": {"vCarbonSources": -13.21, "carbonSlack": 0.0, "vprod": 12.95383819373153, "yield": 0.5611843937347497}, "retcln": {"vCarbonSources": -13.21, "carbonSlack": 0.0, "vprod": 2.118236306663103, "yield": 0.29318817770449146}, "rsvtol": {"vCarbonSources": -13.21, "carbonSlack": 0.0, "vprod": 3.766897836060875, "yield": 0.3612634724489235}, "sesqt": {"vCarbonSources": -13.21, "carbonSlack": 0.0, "vprod": 2.879836276097199, "yield": 0.29804419095625584}, "skm": {"vCarbonSources": -13.21, "carbonSlack": 0.0, "vprod": 9.609112761684402, "yield": 0.7031617208761989}, "stalc": {"yield on minimal media at 1.0% exp. growth": 0.078807086651177, "yield on minimal media at 0.0% exp. growth": 0.083715053428087, "vCarbonSources": -0.332925, "carbonSlack": 0.0, "vprod": 0.102635635336731, "yield": 0.24362205540786563}, "styr": {"vCarbonSources": -13.21, "carbonSlack": 0.0, "vprod": 6.669092571312849, "yield": 0.29185992852045395}, "tag": {"vCarbonSources": -2.201133727157571, "carbonSlack": 0.0, "vprod": 0.129265269944692, "yield": 0.2687028591260795}, "tal": {"vprod": "", "vCarbonSources": "", "yield": ""}}