{"13ppd": {"vCarbonSources": -13.21, "carbonSlack": 0.0, "vprod": 7.700839870852198, "yield": 0.24621478517639986}, "2phetoh": {"vCarbonSources": -13.21, "carbonSlack": 0.0, "vprod": 1.521111483573115, "yield": 0.07807976918502228}, "3hppa": {"vCarbonSources": -13.21, "carbonSlack": 0.0, "vprod": 2.853329673470618, "yield": 0.10800125003373444}, "3hppb": {"vCarbonSources": -13.21, "carbonSlack": 0.0, "vprod": 1.612555456519212, "yield": 0.061036762303375514}, "4hbz": {"vCarbonSources": -13.21, "carbonSlack": 0.0, "vprod": 1.370104562450469, "yield": 0.07893530567627992}, "arte": {"vCarbonSources": -13.21, "carbonSlack": 0.0, "vprod": 0.344335996115959, "yield": 0.03390461128064176}, "btd": {"vCarbonSources": -13.21, "carbonSlack": 0.0, "vprod": 5.560921105611913, "yield": 0.21057963493534204}, "btoh": {"vCarbonSources": -13.21, "carbonSlack": 0.0, "vprod": 2.238988664816792, "yield": 0.06973258378201111}, "citm": {"vCarbonSources": -13.21, "carbonSlack": 0.0, "vprod": 1.843978700483669, "yield": 0.11320212201854365}, "cou": {"vCarbonSources": -13.21, "carbonSlack": 0.0, "vprod": 1.183900506283805, "yield": 0.08116162543904577}, "hdca": {"vCarbonSources": -13.21, "carbonSlack": 0.0, "vprod": 0.375845540667617, "yield": 0.04049261967207569}, "hxdcol": {"vCarbonSources": -13.21, "carbonSlack": 0.0, "vprod": 0.399617466663044, "yield": 0.040709633204670505}, "ibutoh": {"vCarbonSources": -13.21, "carbonSlack": 0.0, "vprod": 2.296940683351932, "yield": 0.07153748081045094}, "lac__L": {"vCarbonSources": -13.21, "carbonSlack": 0.0, "vprod": 23.310806565975664, "yield": 0.872443285644767}, "muco": {"vCarbonSources": -13.21, "carbonSlack": 0.0, "vprod": 1.562525293532522, "yield": 0.09197772073479249}, "nrgn": {"vCarbonSources": -13.21, "carbonSlack": 0.0, "vprod": 0.447192144312532, "yield": 0.05115764053737616}, "odealc": {"vprod": "", "vCarbonSources": "", "yield": ""}, "pmtalc": {"vprod": "", "vCarbonSources": "", "yield": ""}, "polyhb": {"vCarbonSources": -13.21, "carbonSlack": 0.0, "vprod": 1.823872593359001, "yield": 0.07901355723656411}, "retcln": {"vCarbonSources": -13.21, "carbonSlack": 0.0, "vprod": 0.289478264146588, "yield": 0.040067108888288946}, "rsvtol": {"vCarbonSources": -13.21, "carbonSlack": 0.0, "vprod": 0.447192144308166, "yield": 0.0428878599674444}, "sesqt": {"vCarbonSources": -13.21, "carbonSlack": 0.0, "vprod": 0.328858739987122, "yield": 0.03403472548487591}, "skm": {"vCarbonSources": -13.21, "carbonSlack": 0.0, "vprod": 1.681231512630766, "yield": 0.12302672191823857}, "stalc": {"vprod": "", "vCarbonSources": "", "yield": ""}, "styr": {"vCarbonSources": -13.21, "carbonSlack": 0.0, "vprod": 1.253099454693993, "yield": 0.05483947229180727}, "tag": {"vCarbonSources": -2.201133727157571, "carbonSlack": 0.0, "vprod": 0.009197509411191, "yield": 0.019118801799458338}, "tal": {"vprod": "", "vCarbonSources": "", "yield": ""}}