{"muco": {"vprod": 3.836460793415273, "vCarbonSources": -5.549254244901423, "yield": 0.5375941646750338, "misc": {"yield on minimal media at 1.0% exp. growth": "UNDF"}}, "odealc": {"vprod": 0.09996364001457181, "vCarbonSources": -0.332925, "yield": 0.23552527003365606}, "nrgn": {"vprod": 3.969093036182585, "vCarbonSources": -13.21, "yield": 0.4540541183177073, "misc": {"yield on minimal media at 1.0% exp. growth": "UNDF"}}, "4hbz": {"vprod": 3.354728528907348, "vCarbonSources": -5.549441423005487, "yield": 0.4600748684385474, "misc": {"yield on minimal media at 1.0% exp. growth": "UNDF"}}, "3hppb": {"vprod": 8.294245459149213, "vCarbonSources": -5.544759808667549, "yield": 0.7479521117530147, "misc": {"yield on minimal media at 1.0% exp. growth": "UNDF"}}, "sesqt": {"vprod": 1.1161070880932331, "vCarbonSources": -5.550726324289684, "yield": 0.2748980962445054, "misc": {"yield on minimal media at 1.0% exp. growth": "UNDF"}}, "stalc": {"vprod": 0.10139558847316912, "vCarbonSources": -0.332925, "yield": 0.24067860633472582}, "13ppd": {"vprod": 17.813822118686378, "vCarbonSources": -13.21, "yield": 0.5695516930204129, "misc": {"yield on minimal media at 1.0% exp. growth": "UNDF"}}, "rsvtol": {"vprod": 1.465955758988965, "vCarbonSources": -5.550743282537618, "yield": 0.33458984053042246, "misc": {"yield on minimal media at 1.0% exp. growth": "UNDF"}}, "hdca": {"vprod": 1.0169945364213926, "vCarbonSources": -5.550180402242267, "yield": 0.26078392072070095, "misc": {"yield on minimal media at 1.0% exp. growth": "UNDF"}}, "btd": {"vprod": 5.008732116108107, "vCarbonSources": -5.547686668594033, "yield": 0.4516357717891071, "misc": {"yield on minimal media at 1.0% exp. growth": "UNDF"}}, "skm": {"vprod": 9.725652187360838, "vCarbonSources": -13.21, "yield": 0.7116896739912171, "misc": {"yield on minimal media at 1.0% exp. growth": "UNDF"}}, "pmtalc": {"vprod": 0.1141673721518172, "vCarbonSources": -0.332925, "yield": 0.24288317903114515}, "3hpp": {"vprod": 0.0, "vCarbonSources": -1.087454327908008, "yield": 0.0}, "retcln": {"vprod": 2.511143874209221, "vCarbonSources": -13.21, "yield": 0.3475710873792958, "misc": {"yield on minimal media at 1.0% exp. growth": "UNDF"}}, "btoh": {"vprod": 4.161856554711804, "vCarbonSources": -5.54982085380343, "yield": 0.30852816983467674, "misc": {"yield on minimal media at 1.0% exp. growth": "UNDF"}}, "3hppa": {"vprod": 7.379942361103544, "vCarbonSources": -5.545419566892341, "yield": 0.6654236103138855, "misc": {"yield on minimal media at 1.0% exp. growth": "UNDF"}}, "tag": {"vprod": 0.13084233373951282, "vCarbonSources": -2.20113372715757, "yield": 0.2719810911745942, "misc": {"yield on minimal media at 1.0% exp. growth": "UNDF"}}, "cou": {"vprod": 2.6118239322819035, "vCarbonSources": -5.548570274707237, "yield": 0.4262860821805085, "misc": {"yield on minimal media at 1.0% exp. growth": "UNDF"}}, "arte": {"vprod": 2.844697655376507, "vCarbonSources": -13.21, "yield": 0.2800995809453898, "misc": {"yield on minimal media at 1.0% exp. growth": "UNDF"}}, "styr": {"vprod": 2.4915497796613497, "vCarbonSources": -5.550731080009659, "yield": 0.2594955560978252, "misc": {"yield on minimal media at 1.0% exp. growth": "UNDF"}}, "2phetoh": {"vprod": 2.5553019381097966, "vCarbonSources": -5.549610203628807, "yield": 0.3122195099690078, "misc": {"yield on minimal media at 1.0% exp. growth": "UNDF"}}, "lac__L": {"vprod": 8.860211570646928, "vCarbonSources": -5.516810175715775, "yield": 0.7940334043275107, "misc": {"yield on minimal media at 1.0% exp. growth": "UNDF"}}, "citm": {"vprod": 12.489371088802157, "vCarbonSources": -13.21, "yield": 0.7667243171293748, "misc": {"yield on minimal media at 1.0% exp. growth": "UNDF"}}, "polyhb": {"vprod": 4.826633115575961, "vCarbonSources": -5.547262026771099, "yield": 0.4979383117367246, "misc": {"yield on minimal media at 1.0% exp. growth": "UNDF"}}, "hxdcol": {"vprod": 0.9874314723701774, "vCarbonSources": -5.550717505065815, "yield": 0.23939406808761174, "misc": {"yield on minimal media at 1.0% exp. growth": "UNDF"}}, "tal": {"vprod": 0.007105612999394498, "vCarbonSources": -0.078476895921783, "yield": 0.06718414909479177}, "ibutoh": {"vprod": 4.686402963931311, "vCarbonSources": -5.549184128323032, "yield": 0.34745388622192197, "misc": {"yield on minimal media at 1.0% exp. growth": "UNDF"}}}