{"13ppd": {"vCarbonSources": -13.21, "carbonSlack": 0.0, "vprod": 7.7569554482494, "yield": 0.24800893816043962}, "2phetoh": {"vCarbonSources": -13.21, "carbonSlack": 0.0, "vprod": 2.366130780699331, "yield": 0.12145523008254916}, "3hppa": {"vCarbonSources": -13.21, "carbonSlack": 0.0, "vprod": 2.913912127280998, "yield": 0.11029435370221925}, "3hppb": {"vCarbonSources": -13.21, "carbonSlack": 0.0, "vprod": 2.438350695406013, "yield": 0.09229389985075162}, "4hbz": {"vCarbonSources": -13.21, "carbonSlack": 0.0, "vprod": 2.051648439732939, "yield": 0.11820083019133576}, "arte": {"vCarbonSources": -13.21, "carbonSlack": 0.0, "vprod": 0.351034720665963, "yield": 0.034564192778091404}, "btd": {"vCarbonSources": -13.21, "carbonSlack": 0.0, "vprod": 5.648164342544234, "yield": 0.21388334103634132}, "btoh": {"vCarbonSources": -13.21, "carbonSlack": 0.0, "vprod": 2.275535383096694, "yield": 0.0708708196000202}, "citm": {"vCarbonSources": -13.21, "carbonSlack": 0.0, "vprod": 1.874331845722743, "yield": 0.11506550604250171}, "cou": {"vCarbonSources": -13.21, "carbonSlack": 0.0, "vprod": 1.667085376997261, "yield": 0.11428608926561869}, "hdca": {"vCarbonSources": -13.21, "carbonSlack": 0.0, "vprod": 0.390772400866794, "yield": 0.042100800713334996}, "hxdcol": {"vCarbonSources": -13.21, "carbonSlack": 0.0, "vprod": 0.415951954324471, "yield": 0.04237365206459589}, "ibutoh": {"vCarbonSources": -13.21, "carbonSlack": 0.0, "vprod": 12.62906481232188, "yield": 0.39332817264876363}, "lac__L": {"vCarbonSources": -13.21, "carbonSlack": 0.0, "vprod": 23.768144890691662, "yield": 0.8895598856018393}, "muco": {"vCarbonSources": -13.21, "carbonSlack": 0.0, "vprod": 2.510682308796189, "yield": 0.14779078278481222}, "nrgn": {"vCarbonSources": -13.21, "carbonSlack": 0.0, "vprod": 0.509380836167274, "yield": 0.05827186824431709}, "odealc": {"vprod": "", "vCarbonSources": "", "yield": ""}, "pmtalc": {"vprod": "", "vCarbonSources": "", "yield": ""}, "polyhb": {"vCarbonSources": -13.21, "carbonSlack": 0.0, "vprod": 1.85709576839772, "yield": 0.0804528470488353}, "retcln": {"vCarbonSources": -13.21, "carbonSlack": 0.0, "vprod": 0.352280009798827, "yield": 0.0487595901315393}, "rsvtol": {"vCarbonSources": -13.21, "carbonSlack": 0.0, "vprod": 0.509380292992011, "yield": 0.04885200009453351}, "sesqt": {"vCarbonSources": -13.21, "carbonSlack": 0.0, "vprod": 0.335225504701496, "yield": 0.03469364392897443}, "skm": {"vCarbonSources": -13.21, "carbonSlack": 0.0, "vprod": 2.821654564669063, "yield": 0.20647894645614367}, "stalc": {"vprod": "", "vCarbonSources": "", "yield": ""}, "styr": {"vCarbonSources": -13.21, "carbonSlack": 0.0, "vprod": 1.803759699540412, "yield": 0.07893805211828188}, "tag": {"vCarbonSources": -2.201133727157571, "carbonSlack": 0.0, "vprod": 0.010909781330856, "yield": 0.02267809008015542}, "tal": {"vprod": "", "vCarbonSources": "", "yield": ""}}