{"rsvtol": {"vprod": 1.4659557684582085, "vCarbonSources": -5.550743282537625, "yield": 0.33458984269168285}, "odealc": {"vprod": 0.09996364001457181, "vCarbonSources": -0.332925, "yield": 0.23552527003365606}, "tag": {"vprod": 0.1308423337885663, "vCarbonSources": -2.20113372715757, "yield": 0.27198109127656134}, "ibutoh": {"vprod": 4.686403728372325, "vCarbonSources": -5.549184128068438, "yield": 0.3474539429141674, "misc": {"yield on minimal media at 1.0% exp. growth": "UNDF"}}, "13ppd": {"vprod": 17.81382212023962, "vCarbonSources": -13.21, "yield": 0.5695516930700739}, "nrgn": {"vprod": 3.9690930363987413, "vCarbonSources": -13.21, "yield": 0.454054118342435}, "sesqt": {"vprod": 1.1161070879634336, "vCarbonSources": -5.550726324289706, "yield": 0.2748980962125346}, "3hppb": {"vprod": 8.294245459149213, "vCarbonSources": -5.544759808667549, "yield": 0.7479521117530147}, "citm": {"vprod": 12.489371088802157, "vCarbonSources": -13.21, "yield": 0.7667243171293748}, "cou": {"vprod": 2.6118239316613048, "vCarbonSources": -5.5485702747077665, "yield": 0.4262860820791775}, "2phetoh": {"vprod": 2.5553019381097966, "vCarbonSources": -5.549610203628807, "yield": 0.3122195099690078, "misc": {"yield on minimal media at 1.0% exp. growth": "UNDF"}}, "hdca": {"vprod": 1.0169945364213926, "vCarbonSources": -5.550180402242267, "yield": 0.26078392072070095, "misc": {"yield on minimal media at 1.0% exp. growth": "UNDF"}}, "tal": {"vprod": 0.007105612999394498, "vCarbonSources": -0.078476895921783, "yield": 0.06718414909479177}, "btoh": {"vprod": 4.161856555786127, "vCarbonSources": -5.549820853803197, "yield": 0.3085281699143318}, "arte": {"vprod": 2.844697655376507, "vCarbonSources": -13.21, "yield": 0.2800995809453898}, "hxdcol": {"vprod": 0.9874314721362796, "vCarbonSources": -5.55071750506583, "yield": 0.23939406803090463}, "4hbz": {"vprod": 3.3547285289072923, "vCarbonSources": -5.5494414230054865, "yield": 0.4600748684385398}, "retcln": {"vprod": 2.511143874209327, "vCarbonSources": -13.21, "yield": 0.3475710873793104}, "btd": {"vprod": 5.008732115512579, "vCarbonSources": -5.547686668594404, "yield": 0.4516357717353783, "misc": {"yield on minimal media at 1.0% exp. growth": "UNDF"}}, "muco": {"vprod": 3.8364607704513154, "vCarbonSources": -5.549254244910345, "yield": 0.5375941614562846}, "skm": {"vprod": 9.725652187360838, "vCarbonSources": -13.21, "yield": 0.7116896739912171}, "lac__L": {"vprod": 8.860211568547951, "vCarbonSources": -5.516810175723829, "yield": 0.7940334041382456, "misc": {"yield on minimal media at 1.0% exp. growth": "UNDF"}}, "styr": {"vprod": 2.4915497802515416, "vCarbonSources": -5.55073108000964, "yield": 0.25949555615929476}, "polyhb": {"vprod": 4.826633115573237, "vCarbonSources": -5.547262026771105, "yield": 0.49793831173644304}, "stalc": {"vprod": 0.10139558847316912, "vCarbonSources": -0.332925, "yield": 0.24067860633472582}, "3hppa": {"vprod": 7.379942359355513, "vCarbonSources": -5.5454195668936075, "yield": 0.6654236101561197}, "pmtalc": {"vprod": 0.11416738302739309, "vCarbonSources": -0.332925, "yield": 0.24288320216817982}, "3hpp": {"vprod": 0.0, "vCarbonSources": -1.0955775242101695, "yield": 0.0}}