{"13ppd": {"vCarbonSources": -13.21, "carbonSlack": 0.0, "vprod": 7.756955448095802, "yield": 0.24800893815552874}, "2phetoh": {"vCarbonSources": -13.21, "carbonSlack": 0.0, "vprod": 2.36613078072119, "yield": 0.12145523008367118}, "3hppa": {"vCarbonSources": -13.21, "carbonSlack": 0.0, "vprod": 2.913915633067646, "yield": 0.11029448639958817}, "3hppb": {"vCarbonSources": -13.21, "carbonSlack": 0.0, "vprod": 2.438357979395267, "yield": 0.09229417555669334}, "4hbz": {"vCarbonSources": -13.21, "carbonSlack": 0.0, "vprod": 2.051648440349357, "yield": 0.11820083022684924}, "arte": {"vCarbonSources": -13.21, "carbonSlack": 0.0, "vprod": 0.351055197241386, "yield": 0.034566208978366444}, "btd": {"vCarbonSources": -13.21, "carbonSlack": 0.0, "vprod": 5.648164340856276, "yield": 0.21388334097242212}, "btoh": {"vCarbonSources": -13.21, "carbonSlack": 0.0, "vprod": 2.275535382984859, "yield": 0.07087081959653714}, "citm": {"vCarbonSources": -13.21, "carbonSlack": 0.0, "vprod": 1.874347601810321, "yield": 0.11506647331102171}, "cou": {"vCarbonSources": -13.21, "carbonSlack": 0.0, "vprod": 1.667994984854537, "yield": 0.1143484469146076}, "hdca": {"vCarbonSources": -13.21, "carbonSlack": 0.0, "vprod": 0.390772400735024, "yield": 0.04210080069913844}, "hxdcol": {"vCarbonSources": -13.21, "carbonSlack": 0.0, "vprod": 0.415952454023202, "yield": 0.042373702969658235}, "ibutoh": {"vCarbonSources": -13.21, "carbonSlack": 0.0, "vprod": 12.629064812373672, "yield": 0.3933281726503767}, "lac__L": {"vCarbonSources": -13.21, "carbonSlack": 0.0, "vprod": 23.76814489072392, "yield": 0.8895598856030466}, "muco": {"vCarbonSources": -13.21, "carbonSlack": 0.0, "vprod": 2.510682308742037, "yield": 0.14779078278162455}, "nrgn": {"vCarbonSources": -13.21, "carbonSlack": 0.0, "vprod": 0.509380836303288, "yield": 0.05827186825987675}, "odealc": {"vprod": "", "vCarbonSources": "", "yield": ""}, "pmtalc": {"vprod": "", "vCarbonSources": "", "yield": ""}, "polyhb": {"vCarbonSources": -13.21, "carbonSlack": 0.0, "vprod": 1.857080350518766, "yield": 0.08045217911760719}, "retcln": {"vCarbonSources": -13.21, "carbonSlack": 0.0, "vprod": 0.352280009908192, "yield": 0.04875959014667667}, "rsvtol": {"vCarbonSources": -13.21, "carbonSlack": 0.0, "vprod": 0.509380836314185, "yield": 0.04885205220172191}, "sesqt": {"vCarbonSources": -13.21, "carbonSlack": 0.0, "vprod": 0.335248349762481, "yield": 0.03469600824314574}, "skm": {"vCarbonSources": -13.21, "carbonSlack": 0.0, "vprod": 2.821654520563765, "yield": 0.2064789432286701}, "stalc": {"vprod": "", "vCarbonSources": "", "yield": ""}, "styr": {"vCarbonSources": -13.21, "carbonSlack": 0.0, "vprod": 1.803759699499738, "yield": 0.07893805211650186}, "tag": {"vCarbonSources": -2.201133727157571, "carbonSlack": 0.0, "vprod": 0.01090964555087, "yield": 0.02267780783519924}, "tal": {"vprod": "", "vCarbonSources": "", "yield": ""}}