{"13ppd": {"vCarbonSources": -13.21, "carbonSlack": 0.0, "vprod": 17.338607258545597, "yield": 0.5543579055031499}, "2phetoh": {"vCarbonSources": -13.21, "carbonSlack": 0.0, "vprod": 6.945532124342357, "yield": 0.3565192630469954}, "3hppa": {"vCarbonSources": -13.21, "carbonSlack": 0.0, "vprod": 19.35580242320651, "yield": 0.7326355859081614}, "3hppb": {"vCarbonSources": -13.21, "carbonSlack": 0.0, "vprod": 21.722171890291097, "yield": 0.8222049276014879}, "4hbz": {"vCarbonSources": -13.21, "carbonSlack": 0.0, "vprod": 8.209980036982234, "yield": 0.47299841309650154}, "arte": {"vCarbonSources": -13.21, "carbonSlack": 0.0, "vprod": 2.727231542311549, "yield": 0.2685334276908979}, "btd": {"vCarbonSources": -13.21, "carbonSlack": 0.0, "vprod": 12.868367166971165, "yield": 0.48729626059612047}, "btoh": {"vCarbonSources": -13.21, "carbonSlack": 0.0, "vprod": 11.191042353832259, "yield": 0.34854142444285147}, "citm": {"vCarbonSources": -13.21, "carbonSlack": 0.0, "vprod": 13.017666417217715, "yield": 0.7991564445793493}, "cou": {"vCarbonSources": -13.21, "carbonSlack": 0.0, "vprod": 7.064049293642649, "yield": 0.48427187910682556}, "hdca": {"vCarbonSources": -13.21, "carbonSlack": 0.0, "vprod": 2.47037636942488, "yield": 0.26615191601400207}, "hxdcol": {"vCarbonSources": -13.21, "carbonSlack": 0.0, "vprod": 2.408573268556511, "yield": 0.24536498649141159}, "ibutoh": {"vCarbonSources": -13.21, "carbonSlack": 0.0, "vprod": 12.679743037278104, "yield": 0.3949065297093487}, "lac__L": {"vCarbonSources": -13.21, "carbonSlack": 0.0, "vprod": 24.496180348665536, "yield": 0.9168077478850649}, "muco": {"vCarbonSources": -13.21, "carbonSlack": 0.0, "vprod": 10.403657481649473, "yield": 0.6124090959860503}, "nrgn": {"vCarbonSources": -13.21, "carbonSlack": 0.0, "vprod": 3.857840565265874, "yield": 0.4413271194461117}, "odealc": {"yield on minimal media at 1.0% exp. growth": 0.078150819418957, "yield on minimal media at 0.0% exp. growth": 0.083075047987053, "vCarbonSources": -0.332925, "carbonSlack": 0.0, "vprod": 0.100346185993871, "yield": 0.2364265902042861}, "pmtalc": {"yield on minimal media at 1.0% exp. growth": 0.079358646518538, "yield on minimal media at 0.0% exp. growth": 0.084589254540941, "vCarbonSources": -0.332925, "carbonSlack": 0.0, "vprod": 0.114485813726807, "yield": 0.24356064143227982}, "polyhb": {"vCarbonSources": -13.21, "carbonSlack": 0.0, "vprod": 13.026770314925962, "yield": 0.564343949042156}, "retcln": {"vCarbonSources": -13.21, "carbonSlack": 0.0, "vprod": 2.173506696494945, "yield": 0.30083823300041923}, "rsvtol": {"vCarbonSources": -13.21, "carbonSlack": 0.0, "vprod": 3.857755474743915, "yield": 0.3699771534346199}, "sesqt": {"vCarbonSources": -13.21, "carbonSlack": 0.0, "vprod": 2.848944201796989, "yield": 0.29484706361669594}, "skm": {"vCarbonSources": -13.21, "carbonSlack": 0.0, "vprod": 9.705902615627961, "yield": 0.7102444684669743}, "stalc": {"yield on minimal media at 1.0% exp. growth": 0.078807086651177, "yield on minimal media at 0.0% exp. growth": 0.083715053428087, "vCarbonSources": -0.332925, "carbonSlack": 0.0, "vprod": 0.101731147348485, "yield": 0.241475108861812}, "styr": {"vCarbonSources": -13.21, "carbonSlack": 0.0, "vprod": 6.737144784561575, "yield": 0.29483810191991566}, "tag": {"vCarbonSources": -2.201133727157571, "carbonSlack": 0.0, "vprod": 0.129384562314843, "yield": 0.2689508313845617}, "tal": {"vprod": "", "vCarbonSources": "", "yield": ""}}