{"3hppa": {"vprod": 7.379942407025644, "vCarbonSources": -5.545419566859192, "yield": 0.6654236144584985}, "polyhb": {"vprod": 4.826633115573237, "vCarbonSources": -5.547262026771105, "yield": 0.49793831173644304}, "nrgn": {"vprod": 3.9690930361825236, "vCarbonSources": -13.21, "yield": 0.45405411831770026}, "lac__L": {"vprod": 8.860211568548015, "vCarbonSources": -5.516810175723827, "yield": 0.7940334041382516, "misc": {"yield on minimal media at 1.0% exp. growth": "UNDF"}}, "odealc": {"vprod": 0.09996364001457181, "vCarbonSources": -0.332925, "yield": 0.23552527003365606}, "hxdcol": {"vprod": 0.9874314721362993, "vCarbonSources": -5.550717505065838, "yield": 0.23939406803090904}, "tag": {"vprod": 0.13084233373951282, "vCarbonSources": -2.20113372715757, "yield": 0.2719810911745942}, "stalc": {"vprod": 0.10139558795515663, "vCarbonSources": -0.332925, "yield": 0.2406786051051405}, "sesqt": {"vprod": 1.1161068976258122, "vCarbonSources": -5.55072632429286, "yield": 0.27489804933206524}, "styr": {"vprod": 2.4915497802515416, "vCarbonSources": -5.55073108000964, "yield": 0.25949555615929476}, "arte": {"vprod": 2.844697655376507, "vCarbonSources": -13.21, "yield": 0.2800995809453898}, "citm": {"vprod": 12.489371088802066, "vCarbonSources": -13.21, "yield": 0.7667243171293693}, "4hbz": {"vprod": 3.354728528907237, "vCarbonSources": -5.549441423005487, "yield": 0.4600748684385321}, "3hppb": {"vprod": 8.294245459149213, "vCarbonSources": -5.544759808667549, "yield": 0.7479521117530147}, "retcln": {"vprod": 2.511143874209327, "vCarbonSources": -13.21, "yield": 0.3475710873793104}, "muco": {"vprod": 3.8364607695426103, "vCarbonSources": -5.5492542449106885, "yield": 0.5375941613289166}, "ibutoh": {"vprod": 4.68640372837228, "vCarbonSources": -5.549184128068436, "yield": 0.3474539429141642}, "2phetoh": {"vprod": 2.5553019381097966, "vCarbonSources": -5.549610203628807, "yield": 0.3122195099690078, "misc": {"yield on minimal media at 1.0% exp. growth": "UNDF"}}, "cou": {"vprod": 2.6118239322819092, "vCarbonSources": -5.548570274707247, "yield": 0.4262860821805087}, "btd": {"vprod": 5.008732116108107, "vCarbonSources": -5.547686668594033, "yield": 0.4516357717891071}, "3hpp": {"vprod": 0.0, "vCarbonSources": -2.6180017576607244, "yield": 0.0}, "btoh": {"vprod": 4.161856555785741, "vCarbonSources": -5.549820853803191, "yield": 0.30852816991430354}, "rsvtol": {"vprod": 1.465955759336204, "vCarbonSources": -5.550743282537632, "yield": 0.33458984060967545}, "13ppd": {"vprod": 17.81382212023962, "vCarbonSources": -13.21, "yield": 0.5695516930700739}, "tal": {"vprod": 0.007105612030794058, "vCarbonSources": -0.078476895921783, "yield": 0.06718413993659579}, "pmtalc": {"vprod": 0.11416737218300191, "vCarbonSources": -0.332925, "yield": 0.24288317909748847}, "skm": {"vprod": 9.725652188208938, "vCarbonSources": -13.21, "yield": 0.7116896740532781}, "hdca": {"vprod": 1.0169945364214308, "vCarbonSources": -5.550180402242266, "yield": 0.2607839207207108}}