{"13ppd": {"vCarbonSources": -13.21, "carbonSlack": 0.0, "vprod": 17.170108091543295, "yield": 0.5489705728353323}, "2phetoh": {"vCarbonSources": -13.21, "carbonSlack": 0.0, "vprod": 6.889254596904567, "yield": 0.3536304962471257}, "3hppa": {"vCarbonSources": -13.21, "carbonSlack": 0.0, "vprod": 18.72409243481652, "yield": 0.7087247602369274}, "3hppb": {"vCarbonSources": -13.21, "carbonSlack": 0.0, "vprod": 21.47203585549716, "yield": 0.8127370400708587}, "4hbz": {"vCarbonSources": -13.21, "carbonSlack": 0.0, "vprod": 8.83155120575481, "yield": 0.508808753089001}, "arte": {"vCarbonSources": -13.21, "carbonSlack": 0.0, "vprod": 2.780971534486428, "yield": 0.2738248685087798}, "btd": {"vCarbonSources": -13.21, "carbonSlack": 0.0, "vprod": 12.928584599569525, "yield": 0.48957655998042743}, "btoh": {"vCarbonSources": -13.21, "carbonSlack": 0.0, "vprod": 11.072668558922802, "yield": 0.34485471057027645}, "citm": {"vCarbonSources": -13.21, "carbonSlack": 0.0, "vprod": 12.974783958201773, "yield": 0.7965238841508018}, "cou": {"vCarbonSources": -13.21, "carbonSlack": 0.0, "vprod": 6.988885369853083, "yield": 0.47911905908794866}, "hdca": {"vCarbonSources": -13.21, "carbonSlack": 0.0, "vprod": 2.405626104262896, "yield": 0.2591758910857484}, "hxdcol": {"vCarbonSources": -13.21, "carbonSlack": 0.0, "vprod": 2.34932219668753, "yield": 0.23932899056032372}, "ibutoh": {"vCarbonSources": -13.21, "carbonSlack": 0.0, "vprod": 12.65142996893326, "yield": 0.3940247282775204}, "lac__L": {"vCarbonSources": -13.21, "carbonSlack": 0.0, "vprod": 24.418919843264444, "yield": 0.9139161529935742}, "muco": {"vCarbonSources": -13.21, "carbonSlack": 0.0, "vprod": 10.295628966529161, "yield": 0.6060500203049989}, "nrgn": {"vCarbonSources": -13.21, "carbonSlack": 0.0, "vprod": 3.766640250683853, "yield": 0.43089403610683463}, "odealc": {"yield on minimal media at 1.0% exp. growth": 0.078150819418957, "yield on minimal media at 0.0% exp. growth": 0.083075047987053, "vCarbonSources": -0.332925, "carbonSlack": 0.0, "vprod": 0.10083907514254, "yield": 0.23758789095143779}, "pmtalc": {"yield on minimal media at 1.0% exp. growth": 0.079358646518538, "yield on minimal media at 0.0% exp. growth": 0.084589254540941, "vCarbonSources": -0.332925, "carbonSlack": 0.0, "vprod": 0.114487601395357, "yield": 0.24356444457333756}, "polyhb": {"vCarbonSources": -13.21, "carbonSlack": 0.0, "vprod": 12.953527083316454, "yield": 0.5611709158522057}, "retcln": {"vCarbonSources": -13.21, "carbonSlack": 0.0, "vprod": 2.118149531018517, "yield": 0.29317616696091897}, "rsvtol": {"vCarbonSources": -13.21, "carbonSlack": 0.0, "vprod": 3.766627938184681, "yield": 0.3612375879550498}, "sesqt": {"vCarbonSources": -13.21, "carbonSlack": 0.0, "vprod": 2.867279814602072, "yield": 0.29674467943935107}, "skm": {"vCarbonSources": -13.21, "carbonSlack": 0.0, "vprod": 9.608810468778572, "yield": 0.7031396001242478}, "stalc": {"yield on minimal media at 1.0% exp. growth": 0.078807086651177, "yield on minimal media at 0.0% exp. growth": 0.083715053428087, "vCarbonSources": -0.332925, "carbonSlack": 0.0, "vprod": 0.10222584280402, "yield": 0.2426493474513912}, "styr": {"vCarbonSources": -13.21, "carbonSlack": 0.0, "vprod": 6.668894238641181, "yield": 0.2918512488749464}, "tag": {"vCarbonSources": -2.201133727157571, "carbonSlack": 0.0, "vprod": 0.128805203044783, "yield": 0.26774652111318775}, "tal": {"vprod": "", "vCarbonSources": "", "yield": ""}}