{"13ppd": {"vCarbonSources": -13.21, "carbonSlack": 0.0, "vprod": 7.756955448249429, "yield": 0.2480089381604406}, "2phetoh": {"vCarbonSources": -13.21, "carbonSlack": 0.0, "vprod": 2.366128466116344, "yield": 0.12145511127330516}, "3hppa": {"vCarbonSources": -13.21, "carbonSlack": 0.0, "vprod": 2.913915633034501, "yield": 0.1102944863983336}, "3hppb": {"vCarbonSources": -13.21, "carbonSlack": 0.0, "vprod": 2.438357979354536, "yield": 0.09229417555515164}, "4hbz": {"vCarbonSources": -13.21, "carbonSlack": 0.0, "vprod": 2.051648440348957, "yield": 0.11820083022682616}, "arte": {"vCarbonSources": -13.21, "carbonSlack": 0.0, "vprod": 0.351055728264431, "yield": 0.03456626126488346}, "btd": {"vCarbonSources": -13.21, "carbonSlack": 0.0, "vprod": 5.648164342555268, "yield": 0.21388334103675913}, "btoh": {"vCarbonSources": -13.21, "carbonSlack": 0.0, "vprod": 2.275535383043565, "yield": 0.07087081959836551}, "citm": {"vCarbonSources": -13.21, "carbonSlack": 0.0, "vprod": 1.874347601787371, "yield": 0.11506647330961282}, "cou": {"vCarbonSources": -13.21, "carbonSlack": 0.0, "vprod": 1.668005763385074, "yield": 0.1143491858306344}, "hdca": {"vCarbonSources": -13.21, "carbonSlack": 0.0, "vprod": 0.390769486445842, "yield": 0.04210048672121216}, "hxdcol": {"vCarbonSources": -13.21, "carbonSlack": 0.0, "vprod": 0.415952453902466, "yield": 0.04237370295735867}, "ibutoh": {"vCarbonSources": -13.21, "carbonSlack": 0.0, "vprod": 12.628317936712968, "yield": 0.3933049114474938}, "lac__L": {"vCarbonSources": -13.21, "carbonSlack": 0.0, "vprod": 23.768144890755874, "yield": 0.8895598856042425}, "muco": {"vCarbonSources": -13.21, "carbonSlack": 0.0, "vprod": 2.510682308831055, "yield": 0.14779078278686458}, "nrgn": {"vCarbonSources": -13.21, "carbonSlack": 0.0, "vprod": 0.509380292838847, "yield": 0.05827180608893105}, "odealc": {"vprod": "", "vCarbonSources": "", "yield": ""}, "pmtalc": {"vprod": "", "vCarbonSources": "", "yield": ""}, "polyhb": {"vCarbonSources": -13.21, "carbonSlack": 0.0, "vprod": 1.857093693195555, "yield": 0.08045275714721299}, "retcln": {"vCarbonSources": -13.21, "carbonSlack": 0.0, "vprod": 0.352280371511545, "yield": 0.04875964019672433}, "rsvtol": {"vCarbonSources": -13.21, "carbonSlack": 0.0, "vprod": 0.509380836167302, "yield": 0.04885205218763513}, "sesqt": {"vCarbonSources": -13.21, "carbonSlack": 0.0, "vprod": 0.335248349661735, "yield": 0.034696008232719185}, "skm": {"vCarbonSources": -13.21, "carbonSlack": 0.0, "vprod": 2.821654564670974, "yield": 0.20647894645628348}, "stalc": {"vprod": "", "vCarbonSources": "", "yield": ""}, "styr": {"vCarbonSources": -13.21, "carbonSlack": 0.0, "vprod": 1.803759699520074, "yield": 0.07893805211739181}, "tag": {"vCarbonSources": -2.201133727157571, "carbonSlack": 0.0, "vprod": 0.010909781331716, "yield": 0.022678090081943093}, "tal": {"vprod": "", "vCarbonSources": "", "yield": ""}}