EX_nh4_e,-0.09
EX_o2_e,-0.842000075577054
EX_pi_e,-0.007169809145882
