EX_pi_e,-0.01
EX_o2_e,-0.820074649438811
EX_nh4_e,-0.042983366383997
