{"muco": {"vprod": 3.836460793415273, "vCarbonSources": -5.549254244901423, "yield": 0.5375941646750338, "misc": {"yield on minimal media at 1.0% exp. growth": "UNDF"}}, "retcln": {"vprod": 2.511143874209327, "vCarbonSources": -13.21, "yield": 0.3475710873793104, "misc": {"yield on minimal media at 1.0% exp. growth": "UNDF"}}, "btoh": {"vprod": 4.161856555785738, "vCarbonSources": -5.549820853803193, "yield": 0.30852816991430315, "misc": {"yield on minimal media at 1.0% exp. growth": "UNDF"}}, "stalc": {"vprod": 0.10139558847316912, "vCarbonSources": -0.332925, "yield": 0.24067860633472582}, "tal": {"vprod": 0.007105612009006309, "vCarbonSources": -0.078476895921783, "yield": 0.06718413973059086}, "hxdcol": {"vprod": 0.987431472157478, "vCarbonSources": -5.550717505065756, "yield": 0.23939406803604715, "misc": {"yield on minimal media at 1.0% exp. growth": "UNDF"}}, "polyhb": {"vprod": 4.826633115573237, "vCarbonSources": -5.547262026771105, "yield": 0.49793831173644304}, "3hppb": {"vprod": 8.294245459149213, "vCarbonSources": -5.544759808667549, "yield": 0.7479521117530147, "misc": {"yield on minimal media at 1.0% exp. growth": "UNDF"}}, "3hpp": {"vprod": 0.0, "vCarbonSources": -2.6180017576607244, "yield": 0.0}, "arte": {"vprod": 2.8446976553763172, "vCarbonSources": -13.21, "yield": 0.28009958094537113}, "13ppd": {"vprod": 17.813822118686225, "vCarbonSources": -13.21, "yield": 0.569551693020408}, "skm": {"vprod": 9.72565218736074, "vCarbonSources": -13.21, "yield": 0.7116896739912099}, "rsvtol": {"vprod": 1.4659557589890428, "vCarbonSources": -5.550743282537624, "yield": 0.33458984053043983, "misc": {"yield on minimal media at 1.0% exp. growth": "UNDF"}}, "styr": {"vprod": 2.4915497802515416, "vCarbonSources": -5.55073108000964, "yield": 0.25949555615929476}, "citm": {"vprod": 12.489371088802157, "vCarbonSources": -13.21, "yield": 0.7667243171293748, "misc": {"yield on minimal media at 1.0% exp. growth": "UNDF"}}, "btd": {"vprod": 5.008732115510577, "vCarbonSources": -5.547686668594404, "yield": 0.45163577173519776, "misc": {"yield on minimal media at 1.0% exp. growth": "UNDF"}}, "nrgn": {"vprod": 3.9690930361825236, "vCarbonSources": -13.21, "yield": 0.45405411831770026, "misc": {"yield on minimal media at 1.0% exp. growth": "UNDF"}}, "pmtalc": {"vprod": 0.11416737215181813, "vCarbonSources": -0.332925, "yield": 0.24288317903114715}, "sesqt": {"vprod": 1.1161070879634343, "vCarbonSources": -5.550726324289706, "yield": 0.27489809621253475, "misc": {"yield on minimal media at 1.0% exp. growth": "UNDF"}}, "4hbz": {"vprod": 3.3547285289072923, "vCarbonSources": -5.5494414230054865, "yield": 0.4600748684385398, "misc": {"yield on minimal media at 1.0% exp. growth": "UNDF"}}, "cou": {"vprod": 2.6118239322819092, "vCarbonSources": -5.548570274707247, "yield": 0.4262860821805087, "misc": {"yield on minimal media at 1.0% exp. growth": "UNDF"}}, "3hppa": {"vprod": 7.379942361103544, "vCarbonSources": -5.545419566892341, "yield": 0.6654236103138855, "misc": {"yield on minimal media at 1.0% exp. growth": "UNDF"}}, "hdca": {"vprod": 1.0169945364213926, "vCarbonSources": -5.550180402242267, "yield": 0.26078392072070095, "misc": {"yield on minimal media at 1.0% exp. growth": "UNDF"}}, "odealc": {"vprod": 0.09996364001457181, "vCarbonSources": -0.332925, "yield": 0.23552527003365606}, "lac__L": {"vprod": 8.860211568548351, "vCarbonSources": -5.516810175723823, "yield": 0.7940334041382824}, "2phetoh": {"vprod": 2.5553019381097966, "vCarbonSources": -5.549610203628807, "yield": 0.3122195099690078}, "tag": {"vprod": 0.13084233373951282, "vCarbonSources": -2.20113372715757, "yield": 0.2719810911745942, "misc": {"yield on minimal media at 1.0% exp. growth": "UNDF"}}, "ibutoh": {"vprod": 4.686403728372341, "vCarbonSources": -5.5491841280684415, "yield": 0.3474539429141684, "misc": {"yield on minimal media at 1.0% exp. growth": "UNDF"}}}