{"nrgn": {"vprod": 3.969093042076502, "vCarbonSources": -13.21, "yield": 0.4540541189919563, "misc": {}}, "stalc": {"vprod": 0.10139557956953273, "vCarbonSources": -0.332925, "yield": 0.2406785852005243, "misc": {"yield on minimal media at 1.0% exp. growth": 0.118820778153617, "yield on minimal media at 0.0% exp. growth": 0.119709007546808}}, "tag": {"vprod": 0.13084232638627677, "vCarbonSources": -2.20113372715757, "yield": 0.2719810758894712, "misc": {"yield on minimal media at 1.0% exp. growth": 0.189023482934108, "yield on minimal media at 0.0% exp. growth": 0.319626121189274}}, "styr": {"vprod": 2.491549795755361, "vCarbonSources": -5.55073108000957, "yield": 0.25949555777402483, "misc": {}}, "4hbz": {"vprod": 3.3547285289072923, "vCarbonSources": -5.5494414230054865, "yield": 0.4600748684385398, "misc": {}}, "3hppa": {"vprod": 7.379942361103544, "vCarbonSources": -5.545419566892341, "yield": 0.6654236103138855, "misc": {}}, "retcln": {"vprod": 2.511143874209327, "vCarbonSources": -13.21, "yield": 0.3475710873793104, "misc": {}}, "odealc": {"vprod": 0.09996363049204202, "vCarbonSources": -0.332925, "yield": 0.2355252475975343, "misc": {"yield on minimal media at 1.0% exp. growth": 0.077778472956246, "yield on minimal media at 0.0% exp. growth": 0.074424857480135}}, "polyhb": {"vprod": 4.826633115573234, "vCarbonSources": -5.547262026771104, "yield": 0.49793831173644276, "misc": {}}, "hdca": {"vprod": 1.0169945364213926, "vCarbonSources": -5.550180402242267, "yield": 0.26078392072070095, "misc": {}}, "pmtalc": {"vprod": 0.11416738302739309, "vCarbonSources": -0.332925, "yield": 0.24288320216817982, "misc": {"yield on minimal media at 1.0% exp. growth": 0.120200493364368, "yield on minimal media at 0.0% exp. growth": 0.121099036640563}}, "skm": {"vprod": 9.725652187360716, "vCarbonSources": -13.21, "yield": 0.7116896739912081, "misc": {}}, "btoh": {"vprod": 4.161856555786007, "vCarbonSources": -5.549820853803196, "yield": 0.30852816991432297, "misc": {}}, "tal": {"vprod": 0.007105612999394498, "vCarbonSources": -0.078476895921783, "yield": 0.06718414909479177}, "3hppb": {"vprod": 8.294244088547805, "vCarbonSources": -5.54475980965657, "yield": 0.7479519880225586, "misc": {}}, "citm": {"vprod": 12.489371088802157, "vCarbonSources": -13.21, "yield": 0.7667243171293748, "misc": {}}, "cou": {"vprod": 2.6118239316613048, "vCarbonSources": -5.5485702747077665, "yield": 0.4262860820791775, "misc": {}}, "sesqt": {"vprod": 1.1161070880932331, "vCarbonSources": -5.550726324289684, "yield": 0.2748980962445054, "misc": {}}, "2phetoh": {"vprod": 2.5553019381097966, "vCarbonSources": -5.549610203628807, "yield": 0.3122195099690078, "misc": {}}, "muco": {"vprod": 3.8364607704513154, "vCarbonSources": -5.549254244910345, "yield": 0.5375941614562846, "misc": {}}, "13ppd": {"vprod": 17.81382212023962, "vCarbonSources": -13.21, "yield": 0.5695516930700739, "misc": {}}, "rsvtol": {"vprod": 1.4659557593362813, "vCarbonSources": -5.5507432825376215, "yield": 0.3345898406096937, "misc": {}}, "hxdcol": {"vprod": 0.9874314723701774, "vCarbonSources": -5.550717505065815, "yield": 0.23939406808761174, "misc": {}}, "ibutoh": {"vprod": 4.68640372837228, "vCarbonSources": -5.549184128068436, "yield": 0.3474539429141642, "misc": {}}, "lac__L": {"vprod": 8.860211570646928, "vCarbonSources": -5.516810175715775, "yield": 0.7940334043275107, "misc": {}}, "3hpp": {"vprod": 0.0, "vCarbonSources": -2.6180017576607244, "yield": 0.0}, "btd": {"vprod": 5.008732115512599, "vCarbonSources": -5.547686668594409, "yield": 0.45163577173537967, "misc": {}}, "arte": {"vprod": 2.844697655376507, "vCarbonSources": -13.21, "yield": 0.2800995809453898, "misc": {}}}