{"13ppd": {"vCarbonSources": -13.209999999652213, "carbonSlack": 0.0, "vprod": 7.60327475105763, "yield": 0.24309538841390305}, "2phetoh": {"vCarbonSources": -13.209999999932382, "carbonSlack": 0.0, "vprod": 1.677292248506234, "yield": 0.08609664251053509}, "3hppa": {"vprod": "", "vCarbonSources": "", "yield": ""}, "3hppb": {"vCarbonSources": -13.209968282714026, "carbonSlack": 0.0, "vprod": 1.980880011876821, "yield": 0.07497837810509894}, "4hbz": {"vCarbonSources": -13.209999995606642, "carbonSlack": 0.0, "vprod": 1.508393595216451, "yield": 0.08690249840873465}, "arte": {"vCarbonSources": -13.20999940038452, "carbonSlack": 0.0, "vprod": 0.303006673342385, "yield": 0.029835172788531344}, "btd": {"vCarbonSources": -13.20999999992031, "carbonSlack": 0.0, "vprod": 4.964587466408413, "yield": 0.18799781482821928}, "btoh": {"vCarbonSources": -13.2099999999823, "carbonSlack": 0.0, "vprod": 1.643145652518849, "yield": 0.05117524428818276}, "citm": {"vCarbonSources": -13.209999999574412, "carbonSlack": 0.0, "vprod": 1.484989845495886, "yield": 0.09116374372840984}, "cou": {"vCarbonSources": -13.209999997287007, "carbonSlack": 0.0, "vprod": 1.253882439781464, "yield": 0.08595919708023568}, "hdca": {"vprod": "", "vCarbonSources": "", "yield": ""}, "hxdcol": {"vCarbonSources": -13.20999999349645, "carbonSlack": 0.0, "vprod": 0.40044733715478, "yield": 0.040794173381639987}, "ibutoh": {"vCarbonSources": -13.209999999971602, "carbonSlack": 0.0, "vprod": 1.203868573868351, "yield": 0.037494100577259826}, "lac__L": {"vCarbonSources": -13.209999999921756, "carbonSlack": 0.0, "vprod": 14.737688310018427, "yield": 0.5515809663507861}, "muco": {"vCarbonSources": -13.209966786972178, "carbonSlack": 0.0, "vprod": 1.686100064945432, "yield": 0.09925217304569846}, "nrgn": {"vCarbonSources": -13.209999999994329, "carbonSlack": 0.0, "vprod": 0.400094572882881, "yield": 0.045769798510149444}, "odealc": {"vprod": "", "vCarbonSources": "", "yield": ""}, "pmtalc": {"vprod": "", "vCarbonSources": "", "yield": ""}, "polyhb": {"vCarbonSources": -13.209999999598326, "carbonSlack": 0.0, "vprod": 1.443972089043094, "yield": 0.06255555992480406}, "retcln": {"vCarbonSources": -13.209941182005009, "carbonSlack": 0.0, "vprod": 0.203122931650815, "yield": 0.028114666506978366}, "rsvtol": {"vCarbonSources": -13.209999997539551, "carbonSlack": 0.0, "vprod": 0.400094572755716, "yield": 0.03837097818393927}, "sesqt": {"vCarbonSources": -13.209922563274135, "carbonSlack": 0.0, "vprod": 0.273745159979584, "yield": 0.028330997036965653}, "skm": {"vCarbonSources": -13.209999997287454, "carbonSlack": 0.0, "vprod": 1.89452612147396, "yield": 0.13863488556466572}, "stalc": {"vprod": "", "vCarbonSources": "", "yield": ""}, "styr": {"vCarbonSources": -13.209999997286747, "carbonSlack": 0.0, "vprod": 1.368184557281015, "yield": 0.059875949074468374}, "tag": {"vCarbonSources": -2.201133727123922, "carbonSlack": 0.0, "vprod": 0.010665980959912, "yield": 0.022171303866713336}, "tal": {"vprod": "", "vCarbonSources": "", "yield": ""}}