{"13ppd": {"vprod": "", "vCarbonSources": "", "yield": ""}, "2phetoh": {"vprod": "", "vCarbonSources": "", "yield": ""}, "3hppa": {"vCarbonSources": -13.209999999997827, "carbonSlack": 0.0, "vprod": 2.782384782909539, "yield": 0.10531591824915525}, "3hppb": {"vCarbonSources": -13.20999999999922, "carbonSlack": 0.0, "vprod": 1.980886911549392, "yield": 0.07497845924077497}, "4hbz": {"vCarbonSources": -13.209999772065572, "carbonSlack": 0.0, "vprod": 1.508393551067873, "yield": 0.08690249733579326}, "arte": {"vprod": "", "vCarbonSources": "", "yield": ""}, "btd": {"vCarbonSources": -13.20999999999908, "carbonSlack": 0.0, "vprod": 4.96458746640804, "yield": 0.1879978148270841}, "btoh": {"vCarbonSources": -13.209904485647815, "carbonSlack": 0.0, "vprod": 1.643125404328688, "yield": 0.05117498368330443}, "citm": {"vCarbonSources": -13.209988839095585, "carbonSlack": 0.0, "vprod": 1.484987698744683, "yield": 0.09116368895875351}, "cou": {"vCarbonSources": -13.209999775889926, "carbonSlack": 0.0, "vprod": 1.253882403716711, "yield": 0.08595919604849678}, "hdca": {"vCarbonSources": -13.209960013912587, "carbonSlack": 0.0, "vprod": 0.370650269014856, "yield": 0.03993301551062727}, "hxdcol": {"vCarbonSources": -13.209999345933701, "carbonSlack": 0.0, "vprod": 0.40044730324187, "yield": 0.040794171926637465}, "ibutoh": {"vCarbonSources": -13.209999999997466, "carbonSlack": 0.0, "vprod": 1.203868573868331, "yield": 0.037494100577185795}, "lac__L": {"vprod": "", "vCarbonSources": "", "yield": ""}, "muco": {"vCarbonSources": -13.209999786413498, "carbonSlack": 0.0, "vprod": 1.686107293409451, "yield": 0.09925235060930636}, "nrgn": {"vCarbonSources": -13.209999997552076, "carbonSlack": 0.0, "vprod": 0.400094572755742, "yield": 0.04576979850406694}, "odealc": {"vprod": "", "vCarbonSources": "", "yield": ""}, "pmtalc": {"vprod": "", "vCarbonSources": "", "yield": ""}, "polyhb": {"vprod": "", "vCarbonSources": "", "yield": ""}, "retcln": {"vCarbonSources": -13.209999999439784, "carbonSlack": 0.0, "vprod": 0.203124484755227, "yield": 0.02811475629406541}, "rsvtol": {"vCarbonSources": -13.209999999430071, "carbonSlack": 0.0, "vprod": 0.400094572886379, "yield": 0.038370978190979094}, "sesqt": {"vCarbonSources": -13.209978886853015, "carbonSlack": 0.0, "vprod": 0.273747157079806, "yield": 0.02833108292880386}, "skm": {"vprod": "", "vCarbonSources": "", "yield": ""}, "stalc": {"vprod": "", "vCarbonSources": "", "yield": ""}, "styr": {"vprod": "", "vCarbonSources": "", "yield": ""}, "tag": {"vCarbonSources": -2.2011337264132, "carbonSlack": 0.0, "vprod": 0.01066598096386, "yield": 0.02217130388207889}, "tal": {"vprod": "", "vCarbonSources": "", "yield": ""}}