EX_nh4_e,-0.09
EX_o2_e,-0.752680510287755
EX_pi_e,-0.007231072930641
