"rxn","flux","lb","ub"
"BIOSYN-BIODILAERO",0.000128185952321,0.000128185952321,0.000128185952321
