EX_nh4_e,-0.09
EX_o2_e,-0.750134876178847
EX_pi_e,-0.007050994849622
